title,budget,revenue,runtime,vote_average,popularity
Ca$h,7.0,0.046488,108.0,6.0,9.107829
Leap Year,19.0,29.922472,100.0,6.5,7.432311
Morning Glory,40.0,58.78518,102.0,6.1,10.771255
Devil,10.0,33.583175,80.0,5.8,7.094276
Tooth Fairy,48.0,112.462508,101.0,5.2,6.74468
Henry's Crime,12.0,0.20494,108.0,5.8,5.145185
The Book of Eli,80.0,157.107755,118.0,6.6,14.39853
The Spy Next Door,28.0,45.236543,94.0,5.5,6.663422
Shikshanachya Aaicha Gho,0.38,0.52,0.0,8.0,0.043519
Extraordinary Measures,31.0,15.134293,105.0,6.0,6.523155
Nasha Russia: Yaytsa sudby,2.0,22.212223,85.0,4.6,0.995285
Legion,26.0,67.918658,100.0,5.2,13.795875
Hesher,7.0,0.382946,106.0,6.7,5.886972
Tucker and Dale vs Evil,5.0,5.476793,89.0,7.3,6.771868
Waste Land,1.5,0.187716,90.0,7.6,2.627643
Edge of Darkness,80.0,74.901339,117.0,6.2,9.554067
Percy Jackson & the Olympians: The Lightning Thief,95.0,226.497209,118.0,6.0,9.785895
Kandahar,7.0,15.172408,103.0,6.4,1.011029
Dear John,25.0,114.977104,115.0,6.6,8.371479
From Paris with Love,52.0,52.826594,92.0,6.2,6.885593
Valentine's Day,52.0,216.485654,125.0,5.7,7.466721
The Ghost Writer,45.0,60.222298,128.0,6.7,6.76482
Loose Cannons,7.0,8.220215,110.0,7.1,5.633243
My Name Is Khan,12.0,42.34536,145.0,7.7,11.264586
Boy,3e-06,4.3e-05,87.0,7.5,3.308503
The Robber,3.9,0.208475,96.0,6.7,1.824255
Centurion,12.0,6.814789,97.0,6.0,13.00941
Halo Legends,0.1,1.0,120.0,6.9,1.731527
The Illusionist,18.0,5.602431,80.0,7.2,6.971611
Shutter Island,80.0,294.804195,138.0,7.8,15.813629
"Dear Guest, When Will You Leave?",3.75,5.0,155.0,6.2,0.597058
Vinnaithaandi Varuvaayaa,3.0,12.0,157.0,7.7,1.036233
The Crazies,20.0,54.95614,101.0,6.2,10.914556
Cop Out,30.0,55.583804,107.0,5.3,14.313079
Alice in Wonderland,200.0,1025.49111,108.0,6.4,17.285093
What Men Talk About,1.95,12.005838,93.0,7.6,3.022666
How to Train Your Dragon,165.0,494.878759,98.0,7.5,14.416681
She's Out of My League,20.0,49.779728,104.0,5.9,8.101247
Green Zone,100.0,94.882889,115.0,6.4,11.174041
Our Family Wedding,14.0,21.409028,103.0,5.7,8.204894
Remember Me,16.0,56.032889,113.0,6.9,8.307719
The Bounty Hunter,40.0,136.0,110.0,5.6,6.715263
Heartbreaker,8.7,47.355187,105.0,6.5,5.546687
Repo Men,32.0,18.409891,111.0,6.2,7.502967
Space Dogs,25.0,6.5,85.0,6.3,4.037707
The Runaways,10.0,2.995811,106.0,6.3,19.42051
Diary of a Wimpy Kid,15.0,75.700498,92.0,5.9,12.139919
TEKKEN,30.0,0.967,92.0,5.2,12.17886
Kick-Ass,28.0,96.188903,117.0,7.1,17.26045
Nanny McPhee and the Big Bang,35.0,93.246388,109.0,6.0,8.983275
Hot Tub Time Machine,36.0,64.572262,101.0,5.9,11.967652
Shelter,22.0,0.851517,112.0,5.7,11.634377
Clash of the Titans,125.0,232.713139,106.0,5.6,11.972347
The Perfect Game,12.5,3.878993,118.0,6.3,1.830829
Furry Vengeance,35.0,39.340177,92.0,4.6,10.794556
Why Did I Get Married Too?,20.0,60.072596,121.0,6.1,2.576815
Date Night,55.0,152.26388,97.0,5.9,8.443736
After.Life,4.5,3.606395,104.0,5.4,9.063797
The Extraordinary Adventures of Adèle Blanc-Sec,25.0,34.1,105.0,5.9,6.710598
The Debt,20.0,45.636368,113.0,6.2,8.426611
Death at a Funeral,21.0,49.050886,92.0,5.5,10.863441
Hooked on the Game 2. The Next Level,3.5,2.294357,0.0,5.1,0.884241
Ip Man 2,12.902809,36.0,109.0,7.2,1.9602
The Losers,25.0,23.58,97.0,6.2,12.798367
The Back-Up Plan,35.0,77.477008,106.0,5.7,6.629999
Behind the Burly Q,0.25,0.023859,97.0,5.5,0.386717
Iron Man 2,200.0,623.933331,124.0,6.6,19.083344
A Nightmare on Elm Street,35.0,115.664037,95.0,5.5,10.40191
Charlie St. Cloud,44.0,48.190704,99.0,6.8,6.273131
Glukhar v kino,2.5,1.47703,0.0,5.9,0.209434
Badmaash Company,6.25,8.5,144.0,5.6,1.490661
Four Lions,0.967686,4.27,101.0,7.1,11.934045
The Switch,19.0,49.830607,101.0,5.9,5.695408
Last Night,7.0,7.644937,90.0,6.1,15.280219
Robin Hood,200.0,310.66954,140.0,6.2,10.56812
Princess Kaiulani,9.0,0.771499,130.0,4.8,1.818296
Shrek Forever After,165.0,752.600867,93.0,6.0,11.803808
Of Gods and Men,4.0,41.424067,120.0,6.5,4.476836
Prince of Persia: The Sands of Time,150.0,335.154643,116.0,6.2,18.459955
StreetDance 3D,5.7731,18.14403,98.0,6.1,4.290276
Carlos,18.0,0.871279,338.0,6.7,4.558075
Fair Game,22.0,24.188922,108.0,6.5,6.303785
My Dear Desperado,0.8,4.214668,100.0,6.6,1.049484
MacGruber,10.0,6.11,90.0,5.1,11.107782
Sex and the City 2,100.0,288.347692,146.0,5.5,7.255991
Singam,2.2,9.7,154.0,6.9,1.132835
4.3.2.1,4.6,1.163967,117.0,5.9,5.805666
Animal Kingdom,5.0,1.0,113.0,6.7,9.649312
Get Him to the Greek,40.0,90.029656,109.0,5.9,7.33335
Killers,75.0,98.159963,100.0,5.7,6.540621
Marmaduke,50.0,83.761844,87.0,5.0,12.285545
Meet Monica Velour,5.0,0.031649,98.0,5.5,1.608163
The Karate Kid,40.0,357.852395,140.0,6.2,11.690781
The A-Team,110.0,177.238796,117.0,6.2,16.747793
Winter's Bone,2.0,13.831503,100.0,6.8,7.27941
Knight and Day,117.0,261.930431,109.0,5.9,12.758942
Toy Story 3,200.0,1066.969703,103.0,7.6,16.96647
71: Into the Fire,10.4,20.96766,120.0,7.0,3.106814
I Spit on Your Grave,2.0,0.572809,108.0,6.3,12.805294
Wild Target,8.0,3.453043,98.0,6.4,6.712894
Raavan,4.5,4.2,138.0,4.2,1.160169
Monsters,0.5,4.242978,94.0,6.2,6.154375
Jonah Hex,47.0,10.539,80.0,4.5,9.482806
The Twilight Saga: Eclipse,68.0,698.491347,124.0,5.9,34.047399
Grown Ups,80.0,271.430189,102.0,6.0,23.981251
The Last Airbender,150.0,318.502923,103.0,4.7,9.544657
Predators,40.0,126.248813,107.0,6.0,9.034929
It's Kind of a Funny Story,8.0,6.49124,101.0,6.9,8.172013
Despicable Me,69.0,543.513985,95.0,7.1,22.274502
The Kids Are All Right,3.5,34.70585,106.0,6.5,5.899155
Rubber,0.5,0.098017,85.0,5.7,5.305905
Legend of the Guardians: The Owls of Ga'Hoole,80.0,140.07339,97.0,6.5,17.674048
The Sorcerer's Apprentice,150.0,215.283742,109.0,5.9,12.533525
Inception,160.0,825.532764,148.0,8.1,29.108149
The Secret World of Arrietty,37.0,145.570827,94.0,7.4,8.636052
Salt,110.0,293.329073,100.0,6.2,8.704455
Khatta Meetha,7.5,10.0,155.0,5.1,0.494047
Scott Pilgrim vs. the World,60.0,47.664559,112.0,7.2,13.793301
Cats & Dogs 2 : The Revenge of Kitty Galore,85.0,112.483764,82.0,4.9,7.941637
Dinner for Schmucks,69.0,86.387857,114.0,5.5,11.623718
The Extra Man,7.0,0.453079,108.0,5.9,3.18614
The Expendables,80.0,274.470394,103.0,6.0,14.75562
Step Up 3D,30.0,159.291809,107.0,6.6,9.111782
This is Sodom,2.745,5.85,88.0,7.5,0.63535
Flipped,14.0,1.755212,89.0,7.4,10.279685
The Other Guys,100.0,170.432927,107.0,6.1,12.536621
"Tomorrow, When the War Began",27.0,16.504936,103.0,6.2,4.983475
Eat Pray Love,60.0,204.594016,133.0,5.8,15.904834
PEEPLI [Live],2.27,6.9,104.0,7.7,2.927226
The Chronicles of Narnia: The Voyage of the Dawn Treader,155.0,415.686217,113.0,6.2,12.383398
Vampires Suck,20.0,80.547866,82.0,4.2,8.129407
Piranha 3D,24.0,83.188165,88.0,5.3,8.212132
Secretariat,35.0,60.251371,123.0,6.8,7.681383
Hatchet II,2.5,0.052604,89.0,5.6,12.525758
Howl,0.03,0.617,84.0,6.8,5.416588
Takers,32.0,69.055695,107.0,6.1,7.000421
The Last Exorcism,1.8,67.73809,87.0,5.6,6.397109
Inhale,10.0,0.055089,100.0,6.3,4.163207
The American,20.0,65.464324,104.0,5.8,7.275649
Going the Distance,32.0,42.045846,102.0,6.0,6.876053
Machete,20.0,31.327899,105.0,6.3,7.120403
Wall Street: Money Never Sleeps,70.0,134.748021,133.0,5.8,9.819864
The Way Back,30.0,20.348249,133.0,6.8,9.402082
Incendies,6.8,7.103838,130.0,7.9,8.596012
The King's Speech,15.0,414.211549,118.0,7.6,11.260387
Super,2.5,0.324138,96.0,6.6,8.309635
Resident Evil: Afterlife,60.0,300.228084,97.0,5.8,0.452934
13 Assassins,6.0,17.555141,141.0,7.1,9.534232
The Virginity Hit,2.0,0.563706,120.0,4.6,2.235068
Easy A,8.0,74.952305,92.0,6.7,15.138144
The Conspirator,25.0,15.4788,122.0,6.2,5.481452
Logan,0.135,0.010474,94.0,5.3,0.588872
Late Autumn,6.2,4.82,113.0,6.9,1.077252
The Romantics,4.5,0.12382,95.0,4.8,8.786269
Trust,9.5,0.12,104.0,6.6,7.778097
Vanishing on 7th Street,10.0,1.068682,92.0,4.8,8.419427
Conviction,12.5,6.73298,107.0,7.0,11.024462
Beginners,3.2,5.332926,105.0,6.8,6.72639
Dirty Girl,4.0,0.055125,90.0,6.4,10.964499
Insidious,1.5,97.00915,103.0,6.8,17.24814
The Ward,10.0,0.498974,88.0,5.8,5.727987
Never Let Me Go,15.0,9.455232,104.0,6.8,8.278794
The Town,37.0,154.026136,125.0,7.0,13.081203
Sarah's Key,10.0,17.511906,111.0,7.2,6.091224
Casino Jack,12.5,1.083683,108.0,6.0,8.5508
Alpha and Omega,20.0,39.3,88.0,5.3,8.16645
Catfish,0.03,3.045943,87.0,6.5,5.174738
Detective Dee and the Mystery of the Phantom Flame,13.0,51.723285,119.0,6.5,7.17548
You Again,20.0,32.005248,105.0,6.0,12.820452
Anjaana Anjaani,6.4,5.9,151.0,6.1,1.82294
Buried,1.98765,19.15248,94.0,6.6,7.389437
Pro Lyuboff,2.0,1.268793,107.0,4.0,0.121844
The Social Network,40.0,224.920315,120.0,7.1,16.972995
Stake Land,0.65,0.033245,98.0,6.2,7.814255
Let Me In,20.0,24.145613,116.0,6.7,11.11946
Enthiran,26.4,62.0,155.0,6.5,4.330396
Freakonomics,3.0,0.103735,93.0,6.7,2.444847
Welcome to the South,4.0,65.584679,102.0,6.6,6.700081
Life As We Know It,38.0,105.610124,114.0,6.6,7.824962
Skinning,0.5,0.000198,97.0,5.9,1.018477
Stone,22.0,9.479718,105.0,5.2,11.275132
My Soul to Take,25.0,19.829957,107.0,5.2,5.282976
Inside Job,2.0,7.871522,109.0,7.7,10.30535
Black Bread,6.0,3.770657,108.0,6.9,3.546146
RED,58.0,71.664962,111.0,6.6,12.595165
Everything Must Go,5.0,2.614773,97.0,6.0,4.779994
Hereafter,50.0,105.197635,129.0,5.8,7.942766
Jackass 3D,20.0,117.224271,94.0,6.4,10.997518
Harry Potter and the Deathly Hallows: Part 1,250.0,954.305868,146.0,7.5,23.300362
West Is West,3.837625,3.867,103.0,6.3,0.749665
Little White Lies,25.0,48.53147,154.0,7.1,7.594334
Paranormal Activity 2,3.0,177.512032,91.0,5.7,7.388933
Saw: The Final Chapter,20.0,136.150434,90.0,5.8,16.626655
The Company Men,15.0,4.882577,104.0,6.4,5.858803
Barney's Version,30.0,8.454301,134.0,7.2,7.524794
The Other Woman,30.0,102.0,98.0,6.0,6.212898
Megamind,130.0,321.887208,95.0,6.7,11.603905
Burke & Hare,10.0,4.349187,91.0,6.1,7.787593
Troll Hunter,3.5,4.159678,103.0,6.7,6.097684
The Princess of Montpensier,14.734,6.775121,139.0,6.4,2.156145
Due Date,65.0,211.780824,95.0,6.2,11.73956
Unstoppable,100.0,167.805466,98.0,6.3,12.697059
Another Year,8.0,18.124262,129.0,7.0,5.000657
127 Hours,18.0,35.69292,94.0,7.0,11.176797
Don't Be Afraid of the Dark,25.0,36.993168,99.0,5.4,8.67817
London Boulevard,25.0,4.644108,103.0,5.7,11.421915
Skyline,10.0,66.821036,100.0,4.7,7.676017
Tiny Furniture,0.065,0.416498,99.0,5.6,2.799356
The Next Three Days,30.0,51.148651,133.0,6.9,9.591425
Love & Other Drugs,30.0,102.820008,112.0,6.6,7.575696
Faster,24.0,23.081726,98.0,6.1,9.014972
Burlesque,55.0,89.519773,119.0,6.9,9.276539
Tangled,260.0,591.794936,100.0,7.4,14.684761
The Nutcracker: The Untold Story,90.0,16.178959,110.0,5.3,3.394928
Space Battleship Yamato,12.0,11.212294,131.0,6.3,5.23198
Black Swan,13.0,327.803731,108.0,7.3,12.989056
The Warrior's Way,42.0,11.087569,100.0,6.3,5.510805
The Tourist,100.0,278.731369,103.0,6.0,12.845045
New Kids Turbo,1.5,8.786756,84.0,6.3,4.330658
TRON: Legacy,170.0,400.062763,125.0,6.3,21.259
Beyond,3.0,4.80008,99.0,6.2,0.702712
Yogi Bear,80.0,201.584141,80.0,5.2,6.598296
Six Degrees of Celebration,5.0,22.772019,89.0,6.1,2.025505
Rabbit Hole,5.0,5.129058,91.0,6.8,7.007993
The Last Circus,7.0,3.218666,101.0,6.6,4.896196
The Fighter,25.0,93.617009,116.0,7.2,14.141837
How Do You Know,120.0,48.668907,121.0,4.9,5.458387
Little Fockers,100.0,310.650585,98.0,5.5,9.73941
Country Strong,15.0,20.529194,117.0,5.9,4.582024
True Grit,38.0,252.276927,110.0,7.2,10.730765
Gulliver's Travels,112.0,237.382724,85.0,4.9,7.565799
Blue Valentine,3.5,16.56624,112.0,6.9,11.107914
Tri bogatyrya i Shamakhanskaya tsaritsa,3.0,19.010585,73.0,5.6,1.412333
The Last Godfather,13.4,16.7,100.0,4.7,1.223071
The Good Doctor,6.0,0.005206,93.0,5.0,8.278079
Season of the Witch,40.0,88.1,95.0,5.2,13.471159
The Green Hornet,120.0,227.817248,119.0,5.5,7.888013
The Dilemma,70.0,67.112664,111.0,5.2,7.513067
The Mechanic,40.0,51.070807,93.0,6.3,9.832342
Gnomeo & Juliet,36.0,189.712432,84.0,5.8,9.244469
Aadukalam,4.0,6.0,160.0,6.8,0.372987
The Best Movie 3-DE,6.5,9.816332,102.0,3.0,0.877477
Shaolin,29.0,33.662874,131.0,6.5,5.311245
No Strings Attached,25.0,147.78044,107.0,6.1,8.88057
Silent House,2.0,13.101672,85.0,5.2,10.239941
Beastly,17.0,43.165571,86.0,5.9,7.364563
Life in a Day,0.045202,0.225861,95.0,7.3,4.955542
From Prada to Nada,9.3e-05,2.5,107.0,5.0,11.096527
The Rite,37.0,96.047633,114.0,5.8,7.128117
Kokowaah,5.65,43.0,123.0,6.4,5.24461
Chalet Girl,8.0,1.749457,96.0,6.4,6.496259
On the Hook!,3.0,1.957,90.0,4.7,0.445269
Sanctum,30.0,108.60931,108.0,5.8,7.000775
The Roommate,16.0,40.492759,91.0,5.3,8.453293
The Eagle,25.0,27.12204,114.0,5.9,6.196929
Just Go with It,80.0,214.918407,117.0,6.3,9.267959
Justin Bieber: Never Say Never,13.0,98.441954,105.0,4.8,5.892524
The Beaver,21.0,0.970816,91.0,6.2,5.484379
The Devil's Double,19.1,5.728213,109.0,6.5,6.681211
Coriolanus,7.7,1.072602,123.0,5.9,6.914615
Paul,40.0,97.55205,104.0,6.5,10.24382
Unknown,30.0,130.786397,113.0,6.5,14.443599
"Big Mommas: Like Father, Like Son",32.0,83.615414,107.0,5.3,7.564777
I Am Number Four,50.0,144.49283,109.0,5.9,9.388376
Drive Angry,50.0,28.931401,105.0,5.3,7.668829
Pina,4.317946,14.624826,106.0,7.3,12.452985
Hall Pass,36.0,83.160734,105.0,5.4,9.13273
Rango,135.0,245.724603,107.0,6.6,10.581925
One Day,15.0,59.389433,107.0,7.0,11.239012
The Adjustment Bureau,50.2,127.869379,106.0,6.5,9.420301
Take Me Home Tonight,19.0,6.928068,97.0,6.2,8.132811
Battle: Los Angeles,70.0,202.466756,116.0,5.5,6.753746
Limitless,27.0,161.849455,105.0,7.1,12.114955
Mars Needs Moms,150.0,38.992758,88.0,5.6,7.24717
Vipers Nest,3.5,18.0,105.0,5.2,1.426776
Red Riding Hood,42.0,89.162162,100.0,5.7,10.174298
The Divide,3.0,0.022,112.0,5.7,7.406609
Water for Elephants,38.0,114.15623,120.0,6.7,7.649466
The Twilight Saga: Breaking Dawn - Part 1,110.0,712.171856,117.0,5.8,25.9725
Dylan Dog: Dead of Night,20.0,4.634062,107.0,4.5,12.763976
The Lincoln Lawyer,40.0,85.412898,119.0,7.0,6.807442
Win Win,10.831173,10.654385,106.0,6.7,4.480723
The Music Never Stopped,4.0,0.253899,105.0,7.3,13.504065
Sucker Punch,82.0,89.792502,110.0,5.9,13.779527
Tanu Weds Manu,0.4,0.252,119.0,6.1,1.252133
Diary of a Wimpy Kid: Rodrick Rules,21.0,72.417394,99.0,6.3,8.425361
Hop,63.0,183.953723,95.0,5.5,8.904488
Source Code,32.0,147.332697,93.0,7.1,9.796962
Boris - Il film,3.34785,1.248748,108.0,6.8,2.906503
Rio,90.0,484.63576,96.0,6.5,10.403228
Hanna,30.0,63.782078,111.0,6.5,8.071196
Arthur,40.0,45.735397,110.0,5.3,9.698075
Soul Surfer,18.0,47.08899,106.0,6.9,11.009053
Thank You,13.1,4.1,140.0,5.7,1.417392
Your Highness,49.9,26.121638,102.0,5.2,5.67375
A Lonely Place to Die,4.0,25.345,99.0,6.2,6.780752
Scream 4,40.0,97.138686,111.0,6.1,10.000721
Winnie the Pooh,30.0,14.46,63.0,6.8,7.357682
Road to Nowhere,5.0,0.027046,121.0,5.0,1.744659
Atlas Shrugged Part I,15.0,4.627375,97.0,5.0,3.4949
5 Days of War,20.0,0.017479,113.0,5.8,3.174512
Bellflower,0.017,0.101236,106.0,6.4,7.759376
William & Kate,2e-05,1.5e-05,83.0,5.8,2.493638
Fast Five,125.0,626.137675,130.0,7.1,1.420361
Thor,150.0,449.326618,115.0,6.6,29.158489
Madea's Big Happy Family,25.0,53.213633,106.0,6.7,2.503594
Bridesmaids,32.5,288.383523,125.0,6.5,6.810991
Prom,8.0,10.13,104.0,5.7,6.167646
Hoodwinked Too! Hood VS. Evil,30.0,13.521829,86.0,4.8,9.382577
Sunny,3.55,48.0,124.0,8.0,2.700233
Priest,60.0,78.309131,87.0,5.4,8.259952
Something Borrowed,35.0,59.901913,112.0,5.9,5.47309
Jumping the Broom,6.6,37.71061,112.0,6.0,2.664211
The Ledge,10.0,0.610986,101.0,5.9,4.883085
Hobo with a Shotgun,3.0,0.748453,86.0,5.7,10.926038
Midnight in Paris,30.0,151.119219,94.0,7.4,11.43256
Attack the Block,14.350531,3.964682,88.0,6.3,9.93263
Pirates of the Caribbean: On Stranger Tides,380.0,1045.713802,136.0,6.4,27.88772
The Artist,15.0,133.432856,100.0,7.3,11.440948
Bad Teacher,20.0,216.197492,92.0,5.4,7.310686
The Tree of Life,32.0,54.674226,139.0,6.5,11.204539
Blitz,15.774948,0.741875,97.0,6.0,9.491865
X-Men: First Class,160.0,353.624124,132.0,7.1,0.738633
The Hangover Part II,80.0,254.455986,102.0,6.2,21.893532
Kung Fu Panda 2,150.0,665.692281,91.0,6.7,11.481921
Melancholia,7.4,21.817298,136.0,7.0,8.124767
"Love, Wedding, Marriage",1e-06,0.001378,90.0,5.1,4.060122
Super 8,50.0,260.095987,112.0,6.6,19.529911
Judy Moody and the Not Bummer Summer,20.0,14.166853,91.0,5.1,2.321394
Cars 2,200.0,559.852396,106.0,5.8,13.693002
17 Girls,4.141459,0.201607,87.0,5.6,5.109329
Green Lantern,200.0,219.851172,114.0,5.1,13.985631
Mr. Popper's Penguins,55.0,187.361754,94.0,5.7,15.214342
L!fe Happens,0.93,0.030905,100.0,5.3,10.114319
A Better Life,10.0,1.759252,98.0,7.0,3.033797
Transformers: Dark of the Moon,195.0,1123.746996,154.0,6.1,4.503505
Larry Crowne,30.0,36.160375,98.0,5.7,10.778028
Delhi Belly,4.09,18.035,102.0,7.0,1.932489
Monte Carlo,20.0,17.425,109.0,6.0,8.34835
1911,30.0,0.108348,125.0,5.0,3.835131
Zookeeper,80.0,169.852759,102.0,5.3,11.341084
The Guard,6.0,19.560274,96.0,6.8,11.256636
Harry Potter and the Deathly Hallows: Part 2,125.0,1342.0,130.0,7.9,24.990737
Horrible Bosses,35.0,117.0,98.0,6.4,9.856955
The Monk,11.0,0.807535,101.0,5.8,8.888718
Snow Flower and the Secret Fan,0.134005,1.332231,104.0,5.3,2.003832
Apollo 18,5.0,25.562924,86.0,5.0,10.711742
Friends with Benefits,35.0,150.483765,109.0,6.5,10.009007
Pregnant,2.0,8.0,81.0,3.1,0.397106
Singham,3.062,25.034,143.0,7.0,2.07741
Another Earth,0.1,1.776935,92.0,6.8,8.957372
Captain America: The First Avenger,140.0,370.569774,124.0,6.6,19.323582
Colombiana,40.0,60.965854,108.0,6.5,8.062578
Cowboys & Aliens,163.0,174.822325,119.0,5.4,10.958669
"Crazy, Stupid, Love.",50.0,142.851197,118.0,7.0,10.246173
The Smurfs,110.0,563.749323,103.0,5.5,10.219758
Rise of the Planet of the Apes,93.0,482.860185,105.0,7.0,41.613762
The Change-Up,52.0,75.450437,112.0,5.9,6.906145
Drive,15.0,78.054825,100.0,7.4,15.388875
The Help,25.0,124.272124,146.0,7.9,7.486118
War of the Arrows,8.0,49.0,122.0,6.7,7.030308
Glee: The Concert Movie,9.0,18.663238,84.0,6.9,9.202416
30 Minutes or Less,28.0,40.54744,83.0,5.6,9.763493
Final Destination 5,47.0,157.887643,92.0,5.9,12.912491
The Awakening,4.798235,0.209696,107.0,6.3,9.336568
Conan the Barbarian,90.0,48.795021,113.0,5.2,10.949076
The Skin I Live In,13.0,5.774854,117.0,7.4,9.782542
Fright Night,17.0,24.922237,106.0,6.0,9.665251
Spy Kids: All the Time in the World,27.0,85.56431,89.0,4.4,9.580214
Red State,4.0,1.104682,88.0,5.9,6.340655
Flypaper,5.0,3.142154,87.0,6.2,8.132748
Our Idiot Brother,10.0,17.273593,90.0,5.9,5.918193
Higher Ground,2.0,0.841733,109.0,5.3,1.137468
Remington and the Curse of the Zombadings,0.022361,0.721651,96.0,5.3,0.673247
The Three Musketeers,75.0,132.274484,110.0,5.6,6.303466
Bodyguard,0.00013,8e-06,130.0,5.2,2.402032
Mankatha,6.1,28.0,149.0,5.6,1.145752
W.E.,15.0,0.868439,119.0,5.8,4.974482
Shark Night,28.0,10.126458,91.0,4.9,6.062425
Kill List,0.5,0.17176,95.0,6.0,15.014569
Seeking Justice,17.0,12.355798,105.0,5.8,10.250997
Wuthering Heights,8.0,0.100915,129.0,6.0,5.276685
The Raid,1.1,4.105187,101.0,7.3,10.528833
Contagion,60.0,137.551594,106.0,6.2,8.244359
Elles,4.0,0.911466,96.0,5.1,9.921433
The Descendants,20.0,177.243185,115.0,6.7,11.794753
Mere Brother Ki Dulhan,5.51,18.05,139.0,6.5,1.838865
Warrior,25.0,23.057115,140.0,7.7,13.121626
Salmon Fishing in the Yemen,5.0,34.564651,107.0,6.3,6.753328
Killer Joe,10.0,3.665069,102.0,6.4,6.452069
"Pink Ribbons, Inc.",0.9,0.025,97.0,6.8,0.489328
Your Sister's Sister,0.125,3.2,90.0,6.5,10.850569
"Jeff, Who Lives at Home",10.0,4.41758,83.0,6.1,5.872794
Johnny English Reborn,45.0,160.078586,101.0,6.0,10.668658
Straw Dogs,25.0,10.324441,110.0,5.5,8.048422
Carnage,25.0,27.603069,80.0,7.0,8.844835
Restless,8.0,0.163265,91.0,6.3,6.140556
I Don't Know How She Does It,24.0,30.551495,89.0,5.0,6.562982
Weekend,0.008,0.484592,96.0,7.5,4.727171
Silenced,2.2,31.5,125.0,8.0,4.385574
Abduction,35.0,82.087155,106.0,5.6,10.512109
Moneyball,50.0,110.206216,133.0,7.0,15.785663
Killer Elite,66.0,57.777106,116.0,6.1,8.046632
Machine Gun Preacher,30.0,2.527904,129.0,6.4,5.87767
Dolphin Tale,37.0,95.404397,113.0,6.6,6.695229
The Ides of March,12.5,75.993061,101.0,6.5,6.82647
We Need to Talk About Kevin,7.0,6.038942,112.0,7.4,5.325574
Margin Call,3.5,19.504039,107.0,6.7,8.340757
Real Steel,110.0,299.268508,127.0,6.6,19.265552
Margaret,14.0,0.046495,149.0,6.1,5.113573
What's Your Number?,20.0,30.426096,106.0,6.2,6.958086
Courageous,1.0,34.522221,129.0,6.8,7.666558
50/50,8.0,39.187783,100.0,7.0,11.869481
A Dangerous Method,15.0,27.462041,99.0,6.2,9.865944
Dream House,50.0,38.50234,84.0,5.8,9.995617
This Must Be the Place,25.0,11.790979,118.0,6.7,10.710831
Shame,6.5,17.693675,100.0,7.0,11.72049
Footloose,24.0,63.543328,113.0,6.4,6.162257
The Thing,35.0,28.12867,103.0,6.0,10.169411
The Rum Diary,45.0,24.0,120.0,5.6,10.110504
Trespass,36.0,9.612469,91.0,5.4,9.540381
The Big Year,41.0,7.448385,100.0,5.6,10.267905
A Few Best Men,12.468389,29.007412,97.0,5.9,6.116093
My Week with Marilyn,6.4,35.057696,99.0,6.6,12.203066
Paranormal Activity 3,5.0,205.703818,83.0,5.9,10.996308
Anonymous,30.0,15.395087,130.0,6.3,13.413895
The Afflicted,0.18,0.175742,85.0,4.0,0.437372
The Adventures of Tintin,130.0,371.940071,107.0,6.7,19.201504
Chicken with Plums,12.0,1.428291,93.0,6.8,3.78207
7Aum Arivu,16.0,98.9,168.0,6.6,2.252517
The Double,17.0,3.696232,98.0,5.8,5.498819
La peggior settimana della mia vita,11.0,12.9358,0.0,5.9,5.010563
In Time,40.0,173.930596,109.0,6.7,10.324613
Like Crazy,0.25,3.542353,90.0,6.5,8.002786
Special Forces,10.0,0.010759,109.0,6.4,5.3584
The Intouchables,13.0,426.480871,112.0,8.2,16.086919
Tower Heist,75.0,152.930623,104.0,5.8,7.762917
Setup,20.0,2.128186,85.0,4.7,4.850968
A Very Harold & Kumar Christmas,19.0,35.387212,108.0,6.0,10.724679
Haywire,23.0,33.372606,93.0,5.6,9.574817
J. Edgar,35.0,84.60603,137.0,6.0,9.529382
Immortals,75.0,226.904017,110.0,5.7,10.363671
Rockstar,10.92,19.66,159.0,7.4,2.009033
Jack and Jill,79.0,149.673788,91.0,4.0,6.620033
Sleepless Night,2.5,0.003358,98.0,6.0,2.942355
Happy Feet Two,130.0,150.406466,100.0,5.8,9.141045
Another Happy Day,4.0,0.355688,119.0,6.2,3.496577
The Muppets,45.0,165.184237,103.0,6.5,10.214369
Hugo,170.0,185.77016,126.0,7.0,14.046164
Sherlock Holmes: A Game of Shadows,125.0,334.615,129.0,7.0,18.695329
Rampart,12.0,0.972512,108.0,5.3,5.874878
Take Shelter,5.0,3.099314,120.0,7.1,5.59686
The Best Exotic Marigold Hotel,10.0,136.836156,124.0,6.9,9.23046
The Innkeepers,0.75,0.078396,102.0,5.4,8.560726
Mission: Impossible - Ghost Protocol,145.0,694.71338,133.0,6.8,14.25843
New Year's Eve,56.0,142.044638,118.0,5.7,6.948818
The Sitter,25.0,34.942188,81.0,5.4,13.105682
Louis C.K.: Live at the Beacon Theater,0.25,1.0,62.0,8.1,4.297654
Ghost Rider: Spirit of Vengeance,57.0,149.217355,95.0,4.7,9.421301
Chapiteau-Show,2.0,0.393816,207.0,6.8,0.74156
The Girl with the Dragon Tattoo,90.0,232.61743,158.0,7.2,8.907829
Alvin and the Chipmunks: Chipwrecked,75.0,342.695435,87.0,5.4,8.066393
The Flowers of War,94.0,95.311434,145.0,7.1,6.587711
Young Adult,12.0,22.939027,94.0,5.6,6.142913
Black Gold,40.0,5.446,130.0,5.9,6.652197
Albert Nobbs,8.0,5.634828,113.0,6.2,5.379039
Black Gold,40.0,5.446,130.0,5.9,6.475665
The Darkest Hour,30.0,64.626786,89.0,4.8,8.127392
We Bought a Zoo,50.0,120.081841,124.0,6.5,10.563152
In the Land of Blood and Honey,10.0,0.303877,127.0,5.8,2.772269
Extremely Loud & Incredibly Close,40.0,55.247881,129.0,6.9,7.82605
War Horse,66.0,177.584879,146.0,7.0,8.166363
The Iron Lady,13.0,114.956699,105.0,6.2,7.421245
The Devil Inside,1.0,101.75849,83.0,4.6,5.747675
Contraband,25.0,63.1,109.0,6.1,10.595067
Man on a Ledge,42.0,46.221189,102.0,6.2,10.528173
Welcome to the North,6.0,35.0,110.0,5.6,5.219214
Underworld: Awakening,70.0,160.112671,88.0,6.1,12.345348
Red Tails,58.0,50.365377,125.0,5.9,7.145835
Journey 2: The Mysterious Island,79.0,355.69276,94.0,5.8,9.46307
Two Rabbits,2.0,1.620436,108.0,7.1,2.315249
Agneepath,11.097,49.028,174.0,6.3,2.589507
One for the Money,40.0,36.893721,91.0,5.3,6.322435
The Grey,25.0,77.278331,117.0,6.4,14.31675
La Vérité si je Mens ! 3,25.496629,40.924982,120.0,5.3,3.81584
Chronicle,15.0,145.0,84.0,6.6,12.47441
The Woman in Black,17.0,127.730736,95.0,6.1,8.896679
Big Miracle,40.0,24.719215,107.0,6.6,6.159379
The Vow,30.0,196.11457,104.0,7.0,9.524298
Safe House,85.0,208.076205,115.0,6.3,8.338675
Shadow Dancer,6.3,0.419953,101.0,5.7,4.38806
About Cherry,2.5,0.003003,102.0,4.4,5.46567
This Means War,65.0,156.974557,103.0,5.9,12.366641
ATM,3.0,0.00301,90.0,5.1,8.950643
Wanderlust,35.0,24.159934,98.0,5.3,9.295078
Act of Valor,12.0,81.272766,110.0,6.3,12.159818
Sholem Aleichem: Laughing In The Darkness,0.5,0.845188,93.0,7.0,0.086226
Project X,12.0,100.0,88.0,6.5,9.803023
The Lorax,70.0,348.840316,86.0,6.3,7.689395
The Samaritan,12.0,0.002521,90.0,5.2,11.52128
Red Lights,14.0,13.551174,119.0,6.0,11.535478
A Thousand Words,40.0,22.044277,91.0,6.0,5.446745
John Carter,260.0,284.1391,132.0,6.1,14.670353
The Raven,26.0,29.657751,111.0,6.1,7.254242
Kahaani,1.2,16.0,122.0,7.3,3.174936
Bel Ami,9.0,8.303261,102.0,5.0,7.720692
Iron Sky,7.5,8.135031,93.0,5.6,19.561767
21 Jump Street,42.0,201.585328,109.0,6.7,11.250764
The Hunger Games,75.0,691.210692,142.0,6.9,20.031667
The Pirates! In an Adventure with Scientists!,60.0,118.338361,88.0,6.4,10.271517
My Way,27.563396,29.19333,148.0,6.2,7.847574
Mirror Mirror,85.0,183.018522,106.0,5.5,14.170183
That still Karloson!,4.0,9.938268,80.0,3.5,0.712585
Wrath of the Titans,150.0,301.0,99.0,5.5,7.739904
2 Days in New York,8.0,1.653792,91.0,5.4,4.68182
Dark Tide,25.0,0.432274,113.0,4.8,5.405958
Sinister,3.0,77.712439,110.0,6.8,12.490637
A Royal Affair,8.0,7.594693,137.0,7.2,8.168448
Aquí Entre Nos,1e-06,2.755584,73.0,6.0,0.230075
HOUBA! On the Trail of the Marsupilami,50.0,48.6,105.0,5.0,10.409049
American Reunion,50.0,234.989584,113.0,6.1,8.10609
The Cold Light of Day,20.0,16.863583,93.0,4.8,11.112153
The Spy,6.0,4.588176,99.0,4.6,1.822246
Battleship,209.0,303.025485,131.0,5.5,13.106966
Lockout,20.0,32.20403,95.0,5.8,8.772263
The Cabin in the Woods,30.0,66.48608,95.0,6.6,14.811958
The Three Stooges,30.0,54.819301,92.0,4.9,13.371056
Think Like a Man,12.0,96.070507,122.0,6.9,5.264551
Safe,30.0,40.346186,94.0,6.3,8.234382
The Lucky One,25.0,99.357138,101.0,6.8,7.740762
To Rome with Love,17.0,73.244881,111.0,5.6,7.812646
The Avengers,220.0,1519.55791,143.0,7.4,89.887648
Paradise: Love,3.6,0.024267,120.0,6.7,4.645724
Bernie,5.0,9.20647,100.0,6.5,5.875181
The Five-Year Engagement,30.0,53.909751,124.0,5.7,12.84554
The Sessions,1.0,9.138338,98.0,6.6,5.760319
Grandmaster,0.12,0.13,130.0,6.1,0.485424
White Tiger,11.0,7.2,104.0,5.9,9.56013
Dark Shadows,150.0,245.527149,113.0,5.7,10.665859
Gabbar Singh,7.0,16.0,136.0,5.1,0.795228
Piranha 3DD,5.0,8.493728,83.0,4.1,5.615205
The Dictator,65.0,179.379533,83.0,5.9,7.446085
Moonrise Kingdom,16.0,68.263166,94.0,7.6,8.692433
Yossi,0.5,0.116207,84.0,6.8,1.162001
Stolen,35.0,2.106557,96.0,5.1,7.759429
Rust and Bone,15.4,25.762027,123.0,7.1,8.400049
What to Expect When You're Expecting,40.0,79.7,110.0,5.8,7.271503
Laurence Anyways,9.5,0.01225,168.0,7.7,8.59498
Crooked Arrows,13.0,1.832541,95.0,5.6,5.138409
Stitches,0.1,0.095,86.0,5.5,8.328705
On the Road,25.0,8.784318,137.0,5.5,7.323283
Men in Black 3,225.0,624.026776,106.0,6.3,10.684385
Cosmopolis,20.5,6.063556,109.0,5.1,6.087109
Prometheus,130.0,403.170142,124.0,6.3,16.624854
Snow White and the Huntsman,170.0,396.6,127.0,5.8,18.751554
For Greater Glory - The True Story of Cristiada,12.0,9.622846,145.0,6.4,4.482331
Rowdy Rathore,6.7,31.0,143.0,5.6,1.312833
Madagascar 3: Europe's Most Wanted,145.0,746.921274,93.0,6.4,13.829042
Eega,5.99,19.45,145.0,6.7,8.615159
Safety Not Guaranteed,0.75,4.007792,85.0,6.8,7.067494
Rock of Ages,75.0,59.418613,123.0,6.0,12.558042
That's My Boy,70.0,58.058367,116.0,5.5,8.923755
Foodfight!,65.0,0.073706,87.0,2.3,6.693589
Abraham Lincoln: Vampire Hunter,69.0,112.265139,94.0,5.5,7.922636
Brave,185.0,538.983207,93.0,6.7,15.876341
Lay the Favorite,26.35,1.576687,94.0,4.9,5.153138
Gangs of Wasseypur,1.4,4.1,320.0,7.0,9.777219
Seeking a Friend for the End of the World,10.0,9.636289,101.0,6.3,6.947533
Ice Age: Continental Drift,95.0,877.244782,88.0,6.2,13.26958
Bikini Spring Break,0.5,0.5,87.0,3.8,1.946823
The Amazing Spider-Man,215.0,752.215857,136.0,6.5,31.102267
Katy Perry: Part of Me,12.0,32.726956,93.0,6.5,8.960713
Magic Mike,7.0,167.221571,110.0,6.1,8.732425
Ted,50.0,549.368315,106.0,6.3,19.638605
Beasts of the Southern Wild,1.8,21.107746,93.0,6.8,5.550496
People Like Us,16.0,12.434778,114.0,6.6,14.906621
Amour,8.9,29.844753,127.0,7.5,7.663947
A Coffee in Berlin,0.3,2.750275,88.0,7.0,7.90622
Savages,45.0,82.966152,131.0,6.2,13.248022
Cocktail,6.4,18.8,144.0,6.2,7.950488
2016: Obama's America,2.5,33.4,87.0,4.6,1.221216
The Dark Knight Rises,250.0,1084.939099,165.0,7.6,20.58258
The Watch,68.0,68.267862,98.0,5.3,13.276971
Step Up Revolution,33.0,140.470746,99.0,6.7,7.859968
Diary of a Wimpy Kid: Dog Days,22.0,77.112176,94.0,6.0,10.225555
Total Recall,125.0,198.802074,121.0,5.8,16.42635
ParaNorman,60.0,107.139399,90.0,6.7,10.425038
Bachelorette,3.0,11.947954,87.0,5.3,10.893224
Hope Springs,30.0,114.281051,100.0,5.8,7.255301
The Bourne Legacy,130.0,276.572938,120.0,6.0,14.89499
The Expendables 2,100.0,312.573423,103.0,6.1,14.881566
The Bullet Vanishes,12.0,0.117629,108.0,6.0,1.675406
Robot & Frank,2.5,3.325038,85.0,6.8,9.291494
Sparkle,14.0,24.637469,116.0,5.8,2.24386
Hit & Run,2.0,14.4,100.0,5.5,7.148558
The Apparition,17.0,9.627492,82.0,4.5,7.683008
Premium Rush,35.0,31.083599,91.0,6.2,5.654784
The Hunt,3.8,16.8,115.0,7.9,8.462801
Lawless,26.0,53.67658,115.0,6.8,7.968423
The Possession,14.0,85.446075,92.0,5.8,7.286477
"Tad, the Lost Explorer",10.5,23.0,90.0,5.6,11.003515
"For a Good Time, Call...",0.85,1.243961,85.0,5.8,10.378756
The Act of Killing,1.0,0.444575,115.0,7.5,6.373118
Fire with Fire,20.0,4.636169,97.0,5.6,10.999209
The Iceman,20.0,1.969193,105.0,6.4,13.132127
Love Is All You Need,5.5,10.016934,116.0,6.2,4.711231
Pieta,0.103,3.62333,104.0,6.9,5.194433
Voracious,0.011178,0.034659,104.0,8.0,0.079287
Captive,0.01118,0.024591,120.0,5.9,0.660969
The Master,32.0,28.25806,137.0,7.0,8.074218
Seven Psychopaths,15.0,19.422261,110.0,6.7,9.643538
Dredd,50.0,41.037742,95.0,6.6,12.1524
The Words,6.0,13.231461,96.0,6.4,6.089971
Silver Linings Playbook,21.0,205.738714,122.0,7.0,14.488111
Quartet,11.0,59.520298,98.0,6.4,6.93228
Byzantium,10.0,0.089237,118.0,6.1,6.79497
The Impossible,42.0,180.274123,113.0,7.0,10.027434
The Lords of Salem,1.5,1.165882,101.0,5.1,9.981121
The Sweeney,3.7305,6.294161,112.0,5.7,5.311336
Disconnect,10.0,3.428048,115.0,6.9,12.18812
Resident Evil: Retribution,65.0,240.159255,95.0,5.6,0.948759
Smashed,0.5,0.376597,85.0,6.3,4.893812
Aftershock,2.0,0.05851,89.0,5.3,8.367858
Twice Born,13.0,0.018295,127.0,6.9,5.849716
English Vinglish,2.84,11.62,133.0,7.3,3.611437
Barfi,4.437508,2.804874,155.0,7.2,3.779077
The Paperboy,12.5,1.353868,107.0,5.4,5.526878
Arbitrage,12.0,35.485056,100.0,6.1,5.808496
The Perks of Being a Wallflower,13.0,33.4,102.0,7.7,12.775679
Hotel Transylvania,85.0,358.375603,91.0,6.8,16.231945
Killing Them Softly,15.0,37.930465,97.0,5.8,6.777326
End of Watch,7.0,48.126384,109.0,7.2,7.45279
House at the End of the Street,6.9,44.287131,101.0,5.6,8.513457
Promised Land,15.0,8.138788,106.0,6.0,7.06378
Looper,30.0,47.042,118.0,6.6,12.727269
Taken 2,45.0,376.141306,91.0,6.1,16.376482
Upside Down,60.0,8.106475,104.0,6.2,7.37535
Pitch Perfect,17.0,115.350426,112.0,7.3,11.03595
Frankenweenie,39.0,35.287788,87.0,6.6,10.296047
Soulless,2.8,13.21898,100.0,5.5,1.823774
Universal Soldier: Day of Reckoning,11.5,1.402307,114.0,5.1,12.887287
Silent Hill: Revelation 3D,20.0,52.302796,94.0,5.1,5.745206
Argo,44.5,232.324128,120.0,7.1,14.238234
The Snow Queen,7.0,12.4,76.0,5.1,6.407641
A Company Man,3.5,7.339398,96.0,6.6,6.261686
Zaytoun,8.0,0.04233,107.0,6.6,3.549738
Paranormal Activity 4,5.0,142.817992,95.0,5.2,6.188286
Alex Cross,45.0,30.353232,101.0,5.1,8.279285
Pizza,0.24,2.8,127.0,5.5,0.602301
Best Man Down,1.5,0.001938,90.0,6.1,5.875708
Skyfall,200.0,1108.561013,143.0,6.9,20.309585
Fun Size,14.0,11.417362,87.0,5.5,6.891823
Cloud Atlas,102.0,130.482868,172.0,6.6,13.494246
Wreck-It Ralph,165.0,471.222889,108.0,7.1,13.697597
Rita's Last Fairy Tale,0.2,0.486937,100.0,7.4,0.560685
Burn,0.225,0.1113,86.0,7.1,0.466236
The Man with the Iron Fists,15.0,15.608545,96.0,5.2,8.310945
Flight,31.0,161.772375,138.0,6.5,10.973822
Redd Inc.,0.5,1.0,93.0,5.5,5.411012
Deadfall,12.0,0.066351,95.0,5.6,8.435294
Lincoln,65.0,275.29345,149.0,6.7,10.680331
The Precocious and Brief Life of Sabina Rivas,4.62,2.395,115.0,5.0,0.546165
The Twilight Saga: Breaking Dawn - Part 2,120.0,829.0,115.0,6.1,26.080995
Life of Pi,120.0,609.016565,127.0,7.2,14.045042
Rise of the Guardians,145.0,306.94167,97.0,7.1,10.943775
Red Dawn,65.0,44.806783,93.0,5.3,5.627787
The Hobbit: An Unexpected Journey,250.0,1021.103568,169.0,7.0,23.253089
Tutto tutto niente niente,5.57975,8.9276,0.0,4.8,2.208906
Lost in Thailand,2.2,208.0,105.0,6.1,1.789133
Ernest & Celestine,12.516654,8.10916,78.0,7.6,7.225779
Les Misérables,61.0,441.80977,157.0,7.2,13.52408
Zero Dark Thirty,40.0,132.820716,157.0,6.7,9.649303
The Guilt Trip,40.0,41.863726,95.0,5.4,7.479014
This Is 40,35.0,88.058786,134.0,5.6,11.418802
Jack Reacher,60.0,218.340595,130.0,6.3,12.789812
The Guillotines,15.0,0.00529,113.0,5.4,2.080781
Not Fade Away,20.0,0.610792,112.0,5.4,2.688548
The Worst Christmas of My Life,6.8435,10.703234,0.0,5.5,3.800073
Parental Guidance,25.0,119.772232,104.0,5.8,11.746053
Django Unchained,100.0,425.368238,165.0,7.8,19.785025
Maniac,6.0,0.031081,89.0,5.9,8.804658
"Mommies, Happy New Year!",2.0,11.666088,90.0,5.3,1.456046
Movie 43,6.0,32.438988,90.0,4.5,10.895427
The Best Offer,13.5,19.255873,124.0,7.7,8.995603
Phantom,10.0,1.034589,99.0,5.5,6.651567
Texas Chainsaw 3D,20.0,47.241945,92.0,5.3,7.214828
The Grandmaster,3.86,64.076736,130.0,6.3,8.959821
Gangster Squad,60.0,105.200903,113.0,6.2,8.581558
A Haunted House,2.5,60.141683,86.0,5.4,6.531373
Hansel & Gretel: Witch Hunters,50.0,224.803475,88.0,5.7,10.337211
Mama,15.0,146.497771,100.0,6.0,16.018525
The Hijack That Went South,1.8,0.532269,93.0,5.6,0.474578
Broken City,56.0,19.701164,109.0,5.7,12.136158
Parker,35.0,46.216641,118.0,5.7,13.963892
Sweetwater,7.0,0.006147,95.0,6.0,5.799861
Spring Breakers,5.0,31.724284,94.0,5.0,14.830235
Vishwaroopam,17.0,51.0,147.0,5.5,1.542355
The Berlin File,9.0,48.96521,120.0,6.5,7.453745
Bullet to the Head,55.0,9.489829,92.0,5.2,8.26008
Warm Bodies,35.0,116.980662,97.0,6.4,10.430238
A Good Day to Die Hard,92.0,304.654182,98.0,5.2,12.471865
Side Effects,30.0,63.372757,106.0,6.4,11.645847
Special 26,7.1,18.0,144.0,6.9,2.78114
Safe Haven,28.0,97.59414,115.0,6.9,7.598422
Identity Thief,35.0,173.96501,111.0,5.6,7.321172
Beautiful Creatures,60.0,60.052138,124.0,5.6,20.485203
Long Live Freedom,5.0,0.048125,94.0,7.2,2.513078
Escape from Planet Earth,40.0,74.597643,89.0,5.7,11.617481
Snitch,35.0,42.930462,112.0,5.8,13.542675
Dark Skies,3.5,25.174316,97.0,6.1,26.972326
Jack the Giant Slayer,195.0,197.687603,114.0,5.5,11.606061
Hard to Be a God,7.0,1.310673,170.0,6.7,5.921772
The Last Exorcism Part II,5.0,15.179302,88.0,4.4,5.874458
Stoker,12.0,12.077441,99.0,6.5,7.222816
21 & Over,13.0,48.065672,93.0,5.7,11.29356
Oz: The Great and Powerful,200.0,491.868548,130.0,5.7,11.137329
I'm So Excited!,5.0,11.724119,90.0,5.8,6.757549
No One Lives,2.9,0.074918,86.0,5.5,7.202832
Camille Claudel 1915,3.512454,0.11586,95.0,7.0,0.134014
Camille Claudel 1915,3.512454,0.11586,95.0,7.0,0.110065
The Call,13.0,68.572378,94.0,6.6,8.611077
The Incredible Burt Wonderstone,30.0,27.437881,100.0,5.3,9.385769
Welcome to the Punch,8.5,0.009747,99.0,5.7,7.67857
The Croods,135.0,585.178928,98.0,6.8,14.757874
The Place Beyond the Pines,15.0,35.485608,140.0,6.8,7.492658
Olympus Has Fallen,70.0,161.02564,120.0,6.2,10.978188
Finding Mr. Right,4.881,81.35,123.0,6.3,2.32186
Amen,0.11,0.27,165.0,6.9,1.104156
Admission,13.0,18.0,107.0,5.5,10.098539
The Host,44.0,63.327201,125.0,6.0,11.342024
G.I. Joe: Retaliation,130.0,371.876278,110.0,5.4,10.560608
Trance,20.0,24.261569,101.0,6.5,7.876299
Adore,16.0,0.318982,100.0,6.1,12.260159
Lootera,4.1,4.3,136.0,6.6,1.296259
Evil Dead,17.0,97.542952,91.0,6.4,12.01525
Before Midnight,3.0,11.176469,108.0,7.3,11.30324
Upstream Color,0.1,0.444098,96.0,6.5,8.003815
Oblivion,120.0,286.168572,124.0,6.4,14.654053
Scary Movie 5,20.0,78.378744,86.0,4.6,14.27281
42,40.0,95.020213,128.0,6.8,11.637224
Pain & Gain,25.0,86.175291,130.0,6.1,9.218002
Iron Man 3,200.0,1215.439994,130.0,6.8,23.721243
Home Run,1.2,2.86102,114.0,6.3,1.472463
The Big Wedding,35.0,21.819348,90.0,5.7,6.651605
Aashiqui 2,1.3,16.0,132.0,6.8,2.831069
Mud,10.0,21.5877,130.0,7.0,7.881579
Soodhu Kavvum,0.31,12.0,138.0,7.0,1.217786
What Maisie Knew,6.0,1.066471,93.0,7.4,8.535611
Star Trek Into Darkness,190.0,467.365246,132.0,7.4,15.78129
Fast & Furious 6,160.0,788.67985,130.0,6.7,1.657637
Hummingbird,20.0,8.352885,100.0,5.9,8.801032
The Great Gatsby,105.0,351.040419,143.0,7.3,17.598936
Epic,100.0,268.426634,102.0,6.4,11.913405
The Past,11.0,10.631747,130.0,7.1,9.166555
The Great Beauty,12.4,8.371085,142.0,7.3,8.176134
The Hangover Part III,103.0,362.000072,100.0,6.0,25.085639
On the Job,1.052753,0.466088,120.0,6.2,2.934298
Behind the Candelabra,23.0,15.6,118.0,6.6,7.339451
Now You See Me,75.0,117.698894,115.0,7.3,17.852022
Only God Forgives,4.8,10.337387,90.0,5.6,6.069475
After Earth,130.0,243.843127,100.0,5.0,10.747642
The East,6.5,2.40151,116.0,6.5,6.53667
Yeh Jawaani Hai Deewani,7.7,46.0,159.0,7.1,4.262544
The Purge,3.0,89.328627,86.0,6.0,23.207663
The Way Way Back,4.6,23.198652,103.0,7.1,10.342737
The Internship,58.0,44.0,119.0,6.1,0.393865
Man of Steel,225.0,662.845518,143.0,6.5,18.538834
The Bling Ring,15.0,19.145732,90.0,5.3,7.913029
This Is the End,32.0,126.041322,107.0,6.2,11.414048
Legends of Oz: Dorothy's Return,70.0,18.662027,88.0,5.8,6.660309
World War Z,200.0,531.865,116.0,6.7,26.114917
Monsters University,200.0,743.559607,104.0,7.0,16.267502
Raanjhanaa,6.4,18.0,140.0,6.3,1.856101
Despicable Me 2,76.0,970.761885,98.0,7.0,24.82355
White House Down,150.0,205.366737,131.0,6.3,9.920223
The Heat,43.0,158.67418,117.0,6.5,12.706403
The Lone Ranger,255.0,89.28991,149.0,5.9,12.729104
The Immigrant,16.0,5.867686,117.0,6.2,6.985915
Hunting Elephants,2.3,4.5,107.0,6.2,1.050644
Man of Tai Chi,25.0,2.054941,105.0,5.8,11.829231
Grown Ups 2,80.0,246.984278,100.0,5.8,9.411725
Turbo,135.0,282.570682,96.0,6.1,8.979753
Pacific Rim,180.0,407.602906,131.0,6.7,33.949359
Bhaag Milkha Bhaag,4.6,25.0,186.0,7.3,4.342418
Kick-Ass 2,28.0,60.7,103.0,6.3,13.570264
R.I.P.D.,130.0,61.6485,96.0,5.4,9.369679
Underdogs,22.0,24.0,106.0,6.0,14.347931
The Conjuring,13.0,318.000141,112.0,7.4,14.90169
The World's End,20.0,46.089287,109.0,6.7,9.830382
The Frozen Ground,27.22,5.496951,105.0,6.1,12.388833
Khumba,20.0,27.187375,85.0,5.8,5.219667
Instructions Not Included,5.5,99.067206,115.0,7.5,6.507895
The Wind Rises,30.0,117.932401,126.0,7.7,9.310866
The Wolverine,120.0,415.440673,126.0,6.3,3.918287
Alan Partridge: Alpha Papa,4.0,9.8,90.0,6.5,10.130541
The To Do List,1.5,3.566225,104.0,5.5,7.081404
Blue Jasmine,18.0,99.206215,98.0,7.0,12.61244
The Canyons,0.25,0.056825,99.0,4.1,4.281631
The Smurfs 2,105.0,347.434178,105.0,5.5,10.640864
Snowpiercer,39.2,86.758912,126.0,6.7,14.131906
2 Guns,61.0,131.940411,109.0,6.6,13.336512
The Spectacular Now,2.5,6.854611,95.0,6.8,8.098964
Percy Jackson: Sea of Monsters,90.0,174.578751,106.0,5.9,10.338222
Make Your Move,1.5e-05,0.000122,110.0,6.2,6.792607
Elysium,115.0,286.1407,109.0,6.4,15.232738
We're the Millers,37.0,269.994119,110.0,6.8,18.474368
Lovelace,10.0,1.585582,92.0,6.0,6.383512
Chennai Express,18.0,62.0,141.0,6.5,4.19356
In a World...,1.0,2.963902,93.0,6.4,9.769134
Planes,50.0,219.788712,91.0,5.7,11.604181
Paranoia,35.0,13.785015,106.0,5.6,7.249581
Austenland,4.9,2.159041,97.0,6.6,8.076305
Jobs,12.0,35.93141,128.0,6.0,14.294019
The Butler,25.0,115.922175,132.0,7.2,11.061894
About Time,12.0,87.100449,123.0,7.8,11.213913
The Mortal Instruments: City of Bones,60.0,90.565421,130.0,6.2,14.336187
Blood Ties,25.5,2.415472,128.0,6.0,14.934555
Madras Cafe,5.4,6.5,130.0,6.9,2.39989
Getaway,18.0,10.501938,90.0,4.9,13.224288
Wolf Creek 2,8.0,9.630444,106.0,5.9,6.842107
Of Horses and Men,1e-05,1.1e-05,85.0,6.9,2.861451
Rush,38.0,90.247624,123.0,7.7,10.63552
Riddick,38.0,98.337295,119.0,6.2,9.596377
The Sacrament,4.0,0.009221,99.0,5.6,5.350658
Empire State,11.0,3.639345,94.0,4.9,9.003792
Bad Words,9.5,7.8,88.0,6.4,5.847166
Space Pirate Captain Harlock,30.0,17.137302,115.0,6.4,7.857666
Dallas Buyers Club,5.0,55.198285,117.0,7.9,14.785719
Begin Again,8.0,63.464861,104.0,7.3,10.289628
What If,11.0,7.847,93.0,6.7,10.841891
Belle,10.9,16.50546,105.0,7.2,13.454169
Oculus,5.0,44.030246,104.0,6.3,8.698043
Third Person,28.0,1.749201,137.0,5.8,8.808328
Jimmy P.,10.0,0.030283,117.0,6.0,4.50333
Machete Kills,12.0,15.008161,107.0,5.3,9.251084
Grand Masti,5.5,47.0,140.0,4.6,1.250293
The Family,30.0,36.894225,111.0,6.1,8.047735
Life of Crime,12.0,0.265452,94.0,5.5,17.788579
Prisoners,46.0,122.126687,153.0,7.9,11.96262
Diana,15.0,21.766271,113.0,5.3,5.348746
The Lunchbox,1.0,4.235151,104.0,7.3,10.766409
Battle of the Year,20.0,16.549477,110.0,5.9,5.0739
Nebraska,12.0,17.654912,115.0,7.4,11.160699
Filth,5.0,9.114264,97.0,6.8,14.970485
Runner Runner,30.0,62.616646,91.0,5.5,8.864607
Metallica: Through the Never,18.0,7.972967,93.0,6.7,5.229975
Cloudy with a Chance of Meatballs 2,78.0,248.384621,95.0,6.4,14.412061
Nothing Left to Fear,3.0,1.675381,100.0,4.6,5.317284
Gravity,105.0,716.392705,91.0,7.3,18.50194
Baggage Claim,8.5,22.456509,96.0,5.6,5.590678
Nurse 3-D,1e-05,10.0,99.0,4.9,5.192042
Parkland,10.0,0.653651,94.0,5.8,6.71518
Inside Llewyn Davis,11.0,32.935319,105.0,7.2,10.838063
Escape Plan,50.0,122.915111,115.0,6.7,14.191611
Stalingrad,30.0,68.129518,131.0,5.7,0.595196
Blue Is the Warmest Color,4.3,10.165694,179.0,7.2,4.938148
Delivery Man,26.0,51.164106,105.0,6.2,13.548808
Captain Phillips,55.0,95.0,134.0,7.6,13.776068
CBGB,5.0,0.0404,101.0,6.5,3.711772
The Fifth Estate,28.0,8.555008,128.0,5.7,10.850442
Mindscape,4.357373,1.2,99.0,6.5,10.860471
Carrie,30.0,82.394288,100.0,5.8,18.399055
The Young and Prodigious T.S. Spivet,33.0,9.494789,105.0,6.7,6.839535
Gimme Shelter,7.5,1.35991,101.0,6.4,5.636855
All Is Lost,9.0,6.10872,106.0,6.6,12.74965
12 Years a Slave,20.0,187.0,134.0,7.9,30.316249
Lucia,0.079,0.17,136.0,6.8,0.449582
Bad Grandpa,15.0,151.831537,92.0,6.0,8.000867
Ender's Game,110.0,125.537191,114.0,6.6,12.500305
The Counselor,25.0,71.009334,117.0,5.0,14.723646
Ida,2.15928,15.298355,80.0,7.1,8.651053
The Face of Love,4.0,0.350006,92.0,5.9,2.999052
Thor: The Dark World,170.0,644.571402,112.0,6.8,34.905447
Free Birds,55.0,110.0,91.0,5.7,7.713231
Arrambam,9.2,21.0,157.0,6.0,0.882864
Last Vegas,28.0,134.40245,105.0,6.4,9.157369
Philomena,12.0,100.129872,98.0,7.4,6.927182
A Perfect Man,5.0,0.000388,95.0,4.8,1.740242
Ragnarok,6.5,3.721345,120.0,5.7,11.365247
Oldboy,30.0,4.861022,104.0,5.9,7.882353
The Best Man Holiday,17.0,71.625195,123.0,6.7,6.102021
The Hunger Games: Catching Fire,130.0,847.423452,146.0,7.4,25.309139
Saving Mr. Banks,35.0,112.54458,125.0,7.3,15.130888
Minuscule: Valley of the Lost Ants,19.7,30.0,89.0,6.6,6.583428
The Tale of the Princess Kaguya,49.3,24.186232,137.0,8.0,7.566053
Black Nativity,17.5,7.018189,93.0,5.8,5.346121
Homefront,22.0,43.058898,100.0,6.4,9.896704
Frozen,150.0,1274.219009,102.0,7.3,24.248243
The Adventurer: The Curse of the Midas Box,25.0,0.006399,99.0,5.1,5.955203
Lucky Island,2.0,4.803665,82.0,4.5,0.536756
47 Ronin,175.0,150.962475,119.0,5.9,14.88937
Mandela: Long Walk to Freedom,35.0,27.33,141.0,6.5,11.318079
Out of the Furnace,22.0,15.4,116.0,6.5,6.760321
The Hobbit: The Desolation of Smaug,250.0,958.4,161.0,7.6,20.644776
American Hustle,40.0,251.171807,138.0,6.8,16.478036
F.C. De Kampioenen: Kampioen zijn blijft plezant,3.849796,7.471304,115.0,6.3,0.852186
Her,23.0,47.351251,126.0,7.9,13.829515
Anchorman 2: The Legend Continues,50.0,173.649015,119.0,6.0,7.600751
Walking With Dinosaurs,80.0,126.546518,87.0,5.2,8.883866
Dhoom 3,19.5,91.0,172.0,6.0,5.326716
The Secret Life of Walter Mitty,90.0,188.133322,114.0,7.0,8.684892
Drishyam,0.75,12.0,160.0,8.1,1.908761
Lone Survivor,40.0,149.295601,121.0,7.4,10.855502
The Physician,32.0,57.284237,155.0,7.2,13.332387
The Wolf of Wall Street,100.0,392.000694,180.0,7.9,16.382422
Grudge Match,40.0,44.90726,113.0,6.0,11.655588
August: Osage County,25.0,74.188937,121.0,6.9,6.954296
The Railway Man,18.0,22.309223,116.0,6.7,6.099421
Labor Day,18.0,20.275812,111.0,6.7,6.108646
Faster than Rabbits,3.0,5.279982,99.0,6.3,1.14731
Paranormal Activity: The Marked Ones,5.0,86.362372,84.0,5.2,8.898523
The Zero Theorem,8.5,0.770706,107.0,5.9,10.990614
Ride Along,25.0,153.997819,99.0,6.1,9.895752
Devil's Due,7.0,36.433975,89.0,4.4,10.591125
Yves Saint Laurent,12.0,21.02629,106.0,6.4,4.726238
Human Capital,6.0,5.80933,111.0,7.4,7.217205
The Legend of Hercules,70.0,61.279452,99.0,4.4,6.599539
Veeram,5.9,19.0,161.0,5.8,1.915168
Jack Ryan: Shadow Recruit,60.0,50.549107,105.0,5.9,11.234862
Wish I Was Here,5.5,5.483299,120.0,6.4,6.149295
Infinitely Polar Bear,6.7,1.430655,87.0,6.9,6.502973
A Girl Walks Home Alone at Night,1.0,0.395,99.0,6.9,6.039895
Song One,6.0,0.032251,86.0,5.5,6.743182
"I, Frankenstein",65.0,71.154592,92.0,5.1,9.415817
The Monuments Men,70.0,154.984035,118.0,5.8,11.132411
Non-Stop,50.0,222.8096,106.0,6.8,19.650229
That Awkward Moment,8.0,26.049082,94.0,6.1,8.060403
RoboCop,120.0,242.688965,102.0,5.7,10.246549
Forbidden Kingdom,26.0,34.592118,127.0,4.9,5.653476
Justice League: War,3.5,5.155325,79.0,7.0,8.138622
Barefoot,6.0,0.015071,90.0,6.3,5.939334
The Lego Movie,60.0,469.160692,100.0,7.5,16.418133
Mr. Peabody & Sherman,145.0,272.91243,92.0,6.7,9.493838
Ohm Shanthi Oshaana,0.22,1.5,130.0,6.9,0.633359
Aloft,8.0,0.053086,112.0,5.1,3.851653
Endless Love,20.0,34.07792,103.0,6.7,8.757277
Beauty and the Beast,33.0,49.1,112.0,5.8,19.628834
Winter's Tale,60.0,30.800231,118.0,6.0,7.363527
About Last Night,12.5,49.002684,100.0,6.0,9.543004
3 Days to Kill,28.0,52.597999,113.0,6.0,17.861119
Pompeii,130.0,117.831631,105.0,5.2,12.204174
The Grand Budapest Hotel,30.0,174.600318,99.0,8.0,14.442048
Easy on the Eyes,2.153912,4.86456,83.0,3.9,0.334881
Son of God,22.0,67.800064,138.0,5.9,6.477292
Repentance,5.0,1.189612,90.0,5.1,1.962873
300: Rise of an Empire,110.0,337.580051,102.0,6.1,12.904677
Need for Speed,66.0,203.277636,130.0,6.1,18.271383
Veronica Mars,6.0,3.485127,107.0,6.5,7.510159
Better Living Through Chemistry,5.0,0.075143,91.0,5.9,7.392294
Under the Skin,13.3,5.380251,108.0,6.0,6.707974
Divergent,85.0,288.747895,139.0,6.9,21.572585
The Signal,4.0,0.600896,95.0,5.8,8.536786
Rio 2,103.0,500.188435,102.0,6.3,8.18534
Muppets Most Wanted,50.0,80.38329,112.0,6.2,7.244956
Captain America: The Winter Soldier,170.0,714.766572,136.0,7.6,18.717704
Noah,125.0,362.637473,139.0,5.5,14.924487
God's Not Dead,17.0,29.789,113.0,5.9,6.097499
50 to 1,10.0,1.064454,110.0,5.7,2.691651
Parts Per Billion,0.5,15.0,139.0,4.4,8.279917
Moms' Night Out,5.0,10.429707,98.0,5.5,6.127302
The Raid 2,4.5,2.627209,150.0,7.6,8.434884
Sabotage,35.0,17.508518,110.0,5.5,6.966505
The Quiet Ones,0.2,17.834867,98.0,5.1,6.322844
Afflicted,0.318,0.121179,85.0,6.4,8.93232
Locke,2.0,4.6353,85.0,6.9,12.792394
Draft Day,25.0,28.831145,109.0,6.5,5.596449
Joe,4.0,2.365467,118.0,6.5,13.784411
Heaven is for Real,12.0,101.332962,99.0,6.1,7.88371
Transcendence,100.0,103.039258,119.0,5.9,9.730176
The Amazing Spider-Man 2,200.0,705.717432,142.0,6.5,26.23687
The Other Woman,40.0,196.781193,109.0,6.2,9.389354
Black Rose,7.0,0.85545,83.0,2.0,2.482771
13 Sins,5.0,0.013809,93.0,6.2,9.067788
Brick Mansions,28.0,68.896829,90.0,5.7,7.482959
Barbecue,6.0,14.348529,98.0,5.8,4.707275
Decoding Annie Parker,2.0,0.04839,91.0,5.5,3.880541
Walk of Shame,15.0,0.059209,95.0,5.8,7.844705
Neighbors,18.0,268.1574,96.0,6.2,11.90575
Chef,11.0,45.967935,114.0,7.2,8.720309
Million Dollar Arm,25.0,38.307627,124.0,6.6,9.453942
Godzilla,160.0,529.076069,123.0,6.1,14.019239
X-Men: Days of Future Past,250.0,747.862775,131.0,7.5,26.058586
The Fault in Our Stars,12.0,307.166834,125.0,7.6,16.274653
The Rover,12.25,2.295423,103.0,6.1,6.561373
The Homesman,16.0,3.442853,122.0,6.4,7.375146
Foxcatcher,24.0,12.0963,134.0,6.5,8.10357
Blended,40.0,123.49461,117.0,6.6,10.395472
"Two Days, One Night",7.0,6.860853,95.0,6.8,6.868022
The Salvation,10.5,42.07,100.0,6.2,8.253705
The Babadook,2.0,6.676471,93.0,6.5,8.832788
Mommy,4.9,3.49407,138.0,8.2,14.876086
Heropanti,4.2,10.0,146.0,5.4,2.031919
Edge of Tomorrow,178.0,370.541256,113.0,7.6,31.982986
Maleficent,180.0,758.539785,97.0,7.0,19.467404
Bangalore Days,7.4,1.3,172.0,7.4,0.955596
The Grand Seduction,12.7,3.430018,112.0,6.7,15.108283
French Women,5.0,12.058187,116.0,5.6,6.976069
22 Jump Street,50.0,188.441614,112.0,7.0,10.901496
Boyhood,4.0,44.349,164.0,7.5,6.430591
All at Once,0.75,3e-06,0.0,6.0,0.201582
Jersey Boys,40.0,67.347013,134.0,6.8,6.447072
How to Train Your Dragon 2,145.0,609.123048,102.0,7.6,12.256689
White God,2.2,0.282358,121.0,6.6,6.313465
Earth to Echo,13.0,45.3,89.0,5.7,12.412221
Think Like a Man Too,24.0,70.181428,105.0,6.3,7.576924
Transformers: Age of Extinction,210.0,1091.405097,165.0,5.8,18.495599
Dawn of the Planet of the Apes,170.0,710.644566,130.0,7.3,75.385211
Mrs. Brown's Boys D'Movie,5.9,23.0,94.0,4.7,1.840891
Tammy,20.0,100.525432,97.0,5.0,7.359522
Lucy,40.0,126.546825,89.0,6.3,36.447603
Step Up All In,45.0,86.165646,112.0,6.7,8.588926
The Purge: Anarchy,9.0,108.782847,104.0,6.6,27.756026
Sex Tape,40.0,126.069509,97.0,5.2,27.470696
Planes: Fire & Rescue,50.0,151.165787,83.0,5.8,7.579855
Duniyadari,0.39,3e-06,148.0,0.0,0.016219
And So It Goes,18.0,25.312387,94.0,5.7,7.69684
Hercules,100.0,243.4,99.0,5.6,19.606895
Kick,22.0,55.0,146.0,6.0,7.366331
A Most Wanted Man,15.0,31.554855,121.0,6.5,10.432407
Magic in the Moonlight,16.8,51.029361,97.0,6.5,6.626077
Guardians of the Galaxy,170.0,773.328629,121.0,7.9,53.291601
The Admiral: Roaring Currents,9.5,112.156811,126.0,7.0,5.062756
The Expendables 3,90.0,206.172544,127.0,6.1,14.753545
The Hundred-Foot Journey,22.0,88.880821,122.0,7.3,14.466789
Into the Storm,50.0,160.602194,89.0,5.8,9.092925
Teenage Mutant Ninja Turtles,125.0,477.2,101.0,5.8,22.337973
Stand by Me Doraemon,35.0,83.061158,90.0,7.0,6.493765
The Giver,25.0,66.980456,94.0,6.4,12.472206
Let's Be Cops,17.0,136.621271,104.0,6.4,15.962793
"As Above, So Below",5.0,40.1,93.0,6.1,10.846585
Life After Beth,2.4,0.088273,90.0,5.0,5.486893
Clouds of Sils Maria,6.6,1.851517,124.0,6.7,8.151346
Sin City: A Dame to Kill For,65.0,39.407616,102.0,6.3,20.623642
"Kidnapping, Caucasian Style",3.5,0.179,95.0,1.7,0.524653
If I Stay,11.0,78.874843,106.0,7.3,9.659244
The Prince,18.0,266.5868,93.0,4.6,16.219485
When the Game Stands Tall,15.0,30.127963,115.0,6.3,6.617708
The November Man,15.0,32.556119,108.0,6.0,13.310556
Birdman,18.0,103.215094,119.0,7.4,18.193263
Predestination,5.5,3.0,97.0,7.3,10.524204
Raja Natwarlal,5e-06,4e-06,141.0,5.5,1.109545
Before I Go to Sleep,22.0,15.447154,92.0,6.2,14.921298
The Green Inferno,5.0,6.833445,100.0,5.0,9.336019
Big Game,8.5,7.5,90.0,5.3,6.911759
5 Flights Up,6.0,1.020921,92.0,5.9,9.383088
Mary Kom,0.224056,15.536328,122.0,7.0,1.416035
Black or White,9.0,21.571189,121.0,6.5,10.763583
Cake,7.0,2.360281,102.0,6.2,10.197503
Miss Julie,5.5,5.0,120.0,5.8,3.791712
My Old Lady,5.0,7.527232,107.0,6.1,11.127162
Gemma Bovery,9.7,0.154701,99.0,6.2,5.105914
The Boxtrolls,60.0,108.25577,97.0,6.6,11.563909
This Is Where I Leave You,19.8,41.29632,103.0,6.5,11.313659
Beyond the Lights,7.0,14.618727,116.0,7.0,6.293515
No Good Deed,13.2,53.830415,83.0,5.6,24.644321
The Maze Runner,34.0,348.319861,113.0,7.0,76.93789
Dolphin Tale 2,36.0,52.424533,107.0,6.7,8.268684
The Drop,12.6,19.054534,106.0,6.7,11.695036
Honeymoon,1.0,0.009318,87.0,5.4,6.107378
Atlas Shrugged Part III: Who is John Galt?,5.0,0.846704,99.0,3.9,1.845554
The Guest,5.0,2.367161,99.0,6.5,6.441964
A Walk Among the Tombstones,28.0,53.1816,113.0,6.2,14.914924
Tusk,2.8,1.826705,102.0,5.1,6.820925
The Equalizer,55.0,192.330738,132.0,7.1,17.618057
Marshland,4.0,5.169755,105.0,7.1,11.127717
The Book of Life,50.0,97.437106,95.0,7.3,10.337994
Dracula Untold,70.0,215.529201,92.0,6.2,16.316318
Gone Girl,61.0,369.330363,145.0,7.9,154.801009
Annabelle,6.5,255.273813,99.0,5.5,23.242452
Torrente 5: Operación Eurovegas,9.272437,11.672363,105.0,5.2,4.207751
Left Behind,16.0,19.682924,110.0,3.7,11.519053
Na Maloom Afraad,0.88413,2.259444,137.0,6.2,0.241973
The Judge,50.0,83.719388,141.0,7.2,17.887943
"Alexander and the Terrible, Horrible, No Good, Very Bad Day",28.0,100.654149,81.0,6.1,7.861004
99 Homes,8.0,1.411927,112.0,6.8,6.60913
Kill the Messenger,5.0,2.450846,112.0,6.6,13.524048
St. Vincent,13.0,54.837234,102.0,7.1,13.655752
Whiplash,3.3,13.092,105.0,8.3,64.29999
Escobar: Paradise Lost,17.0,3.758328,120.0,6.1,12.543659
The Loft,14.0,10.07679,108.0,6.4,14.443362
Samba,20.0,0.15153,118.0,6.4,11.024334
Fury,68.0,211.817906,135.0,7.4,36.713807
The Best of Me,26.0,35.926213,117.0,7.2,8.196975
Camp X-Ray,1.0,0.059744,117.0,6.7,11.153327
Treehouse,3.25,3.25,96.0,3.5,1.574542
John Wick,20.0,88.761661,101.0,7.0,183.870374
Nightcrawler,8.5,38.697217,117.0,7.6,21.277073
Ouija,5.0,103.590271,89.0,4.9,13.288564
Big Hero 6,165.0,652.105443,102.0,7.8,213.849907
Kung Fu Jungle,25.0,0.129115,100.0,6.5,6.636514
Interstellar,165.0,675.120017,169.0,8.1,32.213481
Suite Française,15.0,9.104716,107.0,7.1,5.02124
The Opposite Sex,3.3,0.045,96.0,4.1,3.436499
The Guide,0.722083,0.499168,120.0,8.6,0.817488
Dumb and Dumber To,40.0,169.83701,110.0,5.4,15.402597
The Imitation Game,14.0,233.555708,113.0,8.0,31.59594
The Hunger Games: Mockingjay - Part 1,125.0,752.100229,123.0,6.6,147.098006
Penguins of Madagascar,132.0,373.552094,92.0,6.5,22.201607
The Theory of Everything,15.0,123.726688,123.0,7.8,11.85302
Horrible Bosses 2,42.0,107.670357,108.0,6.1,20.903362
Paddington,55.0,259.207227,95.0,7.0,15.686837
Zid,1.556288,1.268395,128.0,7.5,0.195677
Exodus: Gods and Kings,140.0,268.031828,150.0,5.6,16.320249
The Pyramid,6.5,13.865435,89.0,4.6,9.312354
Still Alice,5.0,43.884652,99.0,7.5,8.823253
Wild,15.0,52.501541,115.0,7.0,11.209154
The Hobbit: The Battle of the Five Armies,250.0,956.019788,144.0,7.1,31.718977
American Sniper,58.8,542.307423,133.0,7.4,19.228561
Seventh Son,95.0,114.178613,102.0,5.2,15.297821
Taken 3,48.0,325.771424,109.0,6.1,18.081483
Night at the Museum: Secret of the Tomb,127.0,349.424282,97.0,6.1,19.539436
PK,13.0,120.0,153.0,7.7,12.58752
Annie,65.0,133.821816,119.0,6.0,13.275529
Big Eyes,10.0,28.883511,105.0,6.8,7.412826
The Interview,44.0,12.342632,112.0,6.1,14.526049
Unbroken,65.0,163.442937,137.0,7.3,10.543955
Inherent Vice,20.0,11.110975,148.0,6.5,13.52638
The Gambler,25.0,39.17113,111.0,5.7,8.728556
Selma,20.0,66.787908,127.0,7.4,7.107071
Into the Woods,50.0,212.902372,125.0,5.6,9.580785
The Water Diviner,22.5,15.520023,112.0,6.8,9.615664
The Woman in Black 2: Angel of Death,1.0,26.501323,90.0,5.0,6.942139
A Most Violent Year,20.0,12.00707,125.0,6.5,17.187708
Blackhat,70.0,17.75294,133.0,5.1,14.932368
Tracers,11.0,0.593683,94.0,5.9,9.056173
The Wedding Ringer,23.0,79.79988,101.0,6.5,12.21459
Mortdecai,60.0,30.41856,106.0,5.4,10.241861
Ex Machina,15.0,36.869414,108.0,7.6,14.14078
Aferim!,1.379375,0.105097,108.0,7.5,2.214179
The Boy Next Door,4.0,52.425855,91.0,4.1,10.200398
Italiano medio,1.81672,4.5418,90.0,6.0,3.782108
Kingsman: The Secret Service,81.0,414.351546,130.0,7.6,28.224212
The Lazarus Effect,3.3,64.110728,83.0,5.1,5.840554
Project Almanac,12.0,32.248241,106.0,6.4,9.363482
It Follows,2.0,14.674076,100.0,6.6,20.359336
Jupiter Ascending,176.000003,183.987723,124.0,5.2,21.463465
The SpongeBob Movie: Sponge Out of Water,74.0,311.594032,93.0,5.7,12.334689
Yennai Arindhaal,7.9,16.0,176.0,6.6,0.86433
Fifty Shades of Grey,40.0,571.006128,125.0,5.2,33.068431
Demonic,3.0,3.387,83.0,5.0,9.234943
The Gunman,40.0,13.644292,115.0,5.5,11.429831
Dragon Blade,65.0,121.545703,127.0,5.9,5.462048
Wolf Totem,38.0,123.205624,116.0,6.4,6.542647
The DUFF,8.5,43.528634,100.0,6.8,8.592449
Badlapur,3.7,11.48,128.0,6.8,1.493061
Hot Tub Time Machine 2,14.0,12.314651,93.0,5.0,6.575393
The Battalion,10.0,7.547762,120.0,5.9,1.557671
Focus,50.1,153.962963,105.0,6.7,10.035362
The Second Best Exotic Marigold Hotel,10.0,85.978266,122.0,6.3,5.204474
Chappie,49.0,104.399548,120.0,6.6,30.206365
Unfinished Business,35.0,14.431253,91.0,5.0,10.24952
Run All Night,50.0,71.561644,114.0,6.3,16.838145
Cinderella,95.0,543.514353,105.0,6.7,19.801128
Child 44,50.0,3.32433,137.0,6.1,17.608346
Insurgent,110.0,295.238201,119.0,6.2,27.887186
Home,135.0,368.871007,94.0,6.8,13.422713
Danny Collins,10.0,10.835752,107.0,6.6,16.903373
Get Hard,40.0,111.811453,100.0,5.9,8.178015
Dark Places,20.0,0.208588,113.0,5.7,9.188583
Furious 7,190.0,1506.24936,137.0,7.3,27.275687
Wolf Warrior,12.0,80.0,90.0,5.8,2.162781
While We're Young,10.0,7.587485,97.0,5.8,9.42755
Lost River,2.0,0.045431,95.0,5.8,6.640704
The Longest Ride,34.0,63.013281,128.0,7.3,10.264416
Woman in Gold,11.0,61.619773,120.0,7.3,11.61
The Age of Adaline,25.0,65.663276,112.0,7.4,10.542026
Paul Blart: Mall Cop 2,38.0,107.597242,94.0,5.0,17.02038
Unfriended,1.0,62.88209,82.0,5.5,10.07817
O Kadhal Kanmani,0.94,5.1,138.0,5.8,0.739665
Dragon Ball Z: Resurrection 'F',5.0,61.76819,93.0,6.8,11.350372
Avengers: Age of Ultron,280.0,1405.403694,141.0,7.3,37.37942
Little Boy,20.0,6.485961,106.0,7.0,11.946728
The Dawns Here Are Quiet,3.3,5.249225,120.0,6.5,4.445867
Gabbar Is Back,11.0,41.0,128.0,7.0,1.812728
Spy,65.0,235.666219,120.0,6.9,13.257467
Pitch Perfect 2,29.0,287.506194,115.0,6.8,15.862632
Piku,5.5,22.159216,123.0,6.8,2.942711
The D Train,0.447524,0.771317,101.0,4.5,3.993759
Maggie,4.0,0.187112,95.0,5.2,12.020933
Hot Pursuit,35.0,51.680201,87.0,5.4,6.90658
Standing Tall,5.0,0.026144,119.0,7.3,4.206655
Mad Max: Fury Road,150.0,378.85834,120.0,7.3,29.36178
Bombay Velvet,18.0,1.5,151.0,5.4,1.377993
Louder Than Bombs,11.0,0.161789,109.0,6.7,12.293202
Tomorrowland,190.0,209.154322,130.0,6.2,22.296076
Youth,13.36,2.0,118.0,6.7,8.717661
Poltergeist,35.0,95.437994,93.0,5.0,15.968492
3 Braves,0.143149,0.645135,94.0,7.5,0.091951
Sunshine Superman,0.4,0.088097,100.0,7.2,0.984906
Embrace of the Serpent,1.4,1.320005,125.0,7.8,5.061041
Aloha,37.0,26.25002,105.0,5.2,8.451297
San Andreas,110.0,470.490832,114.0,6.0,20.547925
Premam,6.2,11.0,165.0,6.4,0.81609
Manglehorn,4.0,0.143101,97.0,5.2,4.69699
Entourage,30.0,49.263404,104.0,6.2,14.013413
Grandma,0.6,7.087452,78.0,6.1,4.565414
Insidious: Chapter 3,10.0,104.303851,97.0,6.3,10.098792
Dil Dhadakne Do,13.0,22.0,170.0,6.7,2.337434
Inside Out,175.0,857.611174,94.0,7.9,23.985587
Jurassic World,150.0,1513.52881,124.0,6.5,32.790475
Son of Saul,1.0,1.777043,107.0,7.1,6.403937
Southpaw,30.0,91.709827,123.0,7.3,12.370126
Minions,74.0,1156.730962,91.0,6.4,547.488298
Mustang,1.3,0.25,97.0,8.0,6.49255
Paper Towns,12.0,85.5123,109.0,6.1,9.662731
Dope,0.7,17.986781,103.0,7.2,7.948581
Terminator Genisys,155.0,440.603537,126.0,5.8,30.188198
Ted 2,68.0,217.022588,115.0,6.2,42.061481
Max,20.0,43.967255,111.0,6.8,7.987747
Knock Knock,2.5,6.341684,99.0,4.9,11.898793
Indru Netru Naalai,0.62,1.4,146.0,7.4,0.326862
Strangerland,10.0,0.017472,111.0,5.1,5.975657
Magic Mike XXL,14.8,122.513057,115.0,6.2,8.76993
Love,3.0,0.249083,134.0,5.2,2.328321
Self/less,26.0,30.523226,116.0,6.3,25.301568
Baahubali: The Beginning,40.0,100.0,159.0,7.5,11.80967
Ricki and the Flash,18.0,41.325328,100.0,5.6,16.778946
Tangerine,0.1,0.702354,87.0,6.9,4.832631
The Gallows,0.1,42.66441,87.0,4.9,7.51505
Monkey King: Hero Is Back,10.0,150.0,89.0,7.5,3.759301
Ant-Man,130.0,519.311965,117.0,7.0,26.882388
Equals,16.0,2.084628,101.0,5.9,19.803969
Horoscope for Good Luck,2.8,0.964206,95.0,5.0,0.502326
Pixels,88.0,243.637091,105.0,5.6,21.14796
Monster Hunt,40.0,385.284817,111.0,5.7,5.361771
Bajrangi Bhaijaan,14.0,98.0,163.0,7.7,6.31224
Trainwreck,35.0,140.795793,125.0,5.9,17.310647
Irrational Man,11.0,27.391084,95.0,6.3,6.862812
Mission: Impossible - Rogue Nation,150.0,682.330139,131.0,7.1,17.836882
The Vatican Tapes,13.0,1.784763,91.0,4.6,5.149301
Vacation,31.0,104.384188,99.0,6.1,11.33038
The Little Prince,64.0,97.57125,92.0,7.6,11.376954
The Gift,5.0,58.978653,108.0,6.7,8.585856
Momentum,20.0,0.133332,96.0,5.9,7.895442
Fantastic Four,120.0,167.977596,100.0,4.4,17.246484
Goosebumps,58.0,158.162788,103.0,6.2,12.365292
The 33,25.0,24.902723,120.0,6.0,8.383246
The Diary of a Teenage Girl,2.0,1.477002,98.0,6.8,14.986654
Straight Outta Compton,28.0,201.634991,147.0,7.7,21.183077
The Man from U.N.C.L.E.,75.0,108.145109,116.0,7.1,14.656875
Macbeth,15.0,12.601706,113.0,6.4,12.493466
American Ultra,28.0,27.139524,96.0,6.0,9.534828
Sinister 2,10.0,52.882018,97.0,5.5,17.602928
Hitman: Agent 47,35.0,81.96745,96.0,5.5,10.721799
Loham,1.050255,2.250547,129.0,4.4,0.633653
We Are Your Friends,6.0,11.12209,96.0,6.3,9.023686
No Escape,5.0,54.418872,103.0,6.7,14.13262
The Assassin,15.0,0.632542,105.0,6.6,6.294815
War Room,3.0,67.790117,120.0,6.9,5.384163
Capture the Flag,14.0,8.30669,94.0,5.7,6.345679
The Wave,5.904067,12.975143,104.0,6.5,6.982302
A Walk in the Woods,8.0,35.991087,104.0,5.7,12.019571
The Transporter Refueled,25.0,72.62967,96.0,5.3,11.007319
Black Mass,53.0,98.837872,122.0,6.3,10.61072
Legend,25.0,42.972994,131.0,6.7,11.187833
Maze Runner: The Scorch Trials,61.0,311.256926,132.0,6.5,41.225769
The Visit,5.0,98.450062,94.0,6.0,15.021058
Queen of Spades: The Dark Rite,1.0,2.228115,93.0,5.3,1.896218
Everest,55.0,203.427584,121.0,6.7,10.758754
90 Minutes in Heaven,5.0,4.842699,121.0,5.4,4.222496
The Perfect Guy,12.0,60.273173,100.0,5.6,7.607052
Our Brand Is Crisis,28.0,7.002261,108.0,5.8,12.158176
Beasts of No Nation,6.0,9.0777,137.0,7.6,11.732546
Eye in the Sky,13.0,18.704595,102.0,7.2,10.564701
Truth,9.6,2.541554,121.0,6.5,6.133745
Hardcore Henry,10.0,14.33379,97.0,6.2,14.544852
Pawn Sacrifice,19.0,5.578519,115.0,6.7,7.399209
Captive,2.0,2.801508,97.0,5.6,5.396271
Orleans,2.5,0.302,106.0,6.0,0.192475
Sicario,30.0,84.025816,121.0,7.2,19.511221
Stonewall,13.5,0.187674,129.0,5.2,3.531089
Hotel Transylvania 2,80.0,473.226958,89.0,6.7,11.760218
Pan,150.0,128.38832,111.0,5.9,11.30428
The Intern,35.0,194.564672,121.0,7.1,15.651705
The Walk,35.0,61.181942,123.0,6.9,9.425787
The Martian,108.0,630.16189,141.0,7.6,25.62993
The Dressmaker,11.93,18.34,118.0,6.9,7.95686
Burnt,20.0,36.606743,100.0,6.3,8.066726
Freeheld,7.0,0.573335,103.0,7.1,4.955317
Look Who's Back,3.196621,25.513752,116.0,6.8,6.704659
The Lobster,4.0,15.656193,118.0,6.7,11.223033
Steve Jobs,30.0,34.441873,122.0,6.8,16.224866
Crimson Peak,55.0,74.679822,119.0,6.4,13.492684
Secret in Their Eyes,19.5,34.85499,111.0,6.2,6.79115
Bridge of Spies,40.0,165.478348,141.0,7.2,13.707888
Woodlawn,12.0,14.394097,123.0,6.8,3.216606
Room,6.0,35.401758,117.0,8.1,12.443291
Suffragette,14.0,16.00242,106.0,7.1,8.093442
Brooklyn,11.0,62.076141,111.0,7.2,7.991613
The Last Witch Hunter,90.0,146.93691,106.0,5.7,13.412445
Paranormal Activity: The Ghost Dimension,10.0,78.096553,88.0,5.0,9.185701
Jem and the Holograms,5.0,2.333684,119.0,5.4,5.394112
Rock the Kasbah,15.0,3.020664,100.0,5.2,10.394389
Scouts Guide to the Zombie Apocalypse,15.0,14.860766,93.0,6.2,20.683405
Spectre,245.0,880.674609,148.0,6.3,24.926577
Trumbo,15.0,8.235661,124.0,7.3,7.358726
The Peanuts Movie,99.0,246.233113,88.0,6.5,12.338346
Lost in the Sun,0.025,0.025,95.0,5.8,3.985181
Spotlight,20.0,88.346473,128.0,7.8,14.63239
Victor Frankenstein,40.0,34.227298,109.0,5.6,9.447808
Prem Ratan Dhan Payo,23.4,67.0,174.0,5.6,2.864948
Concussion,35.0,50.36379,123.0,7.0,7.739783
Love the Coopers,17.0,42.426912,107.0,5.4,5.660649
Katyar Kaljat Ghusali,1.5,4.4,162.0,9.0,0.446454
By the Sea,10.0,3.727746,122.0,5.4,12.61223
Heist,8.9,4.1,93.0,5.6,8.476315
The Lady in the Van,6.0,41.387687,104.0,6.0,5.799373
The Good Dinosaur,175.0,331.926147,93.0,6.6,12.319595
The Hunger Games: Mockingjay - Part 2,160.0,653.428261,137.0,6.6,26.628178
Carol,11.8,40.272135,118.0,7.3,8.364201
In the Heart of the Sea,100.0,93.820758,122.0,6.5,11.696923
The Night Before,25.0,52.395996,101.0,6.1,10.516094
Creed,37.0,173.567581,133.0,7.3,33.449723
Krampus,15.0,61.548707,98.0,5.9,15.553313
"Hello, My Name Is Doris",1.0,14.444999,95.0,6.5,14.992311
The Danish Girl,15.0,64.191523,120.0,7.4,11.245661
Point Break,105.0,133.718711,114.0,5.5,7.291872
He's a Dragon,18.0,1.776333,110.0,6.6,5.978316
The Letters,1e-06,1e-06,114.0,5.6,2.240259
The Big Short,28.0,133.346506,130.0,7.3,13.143061
Star Wars: The Force Awakens,245.0,2068.223624,136.0,7.5,31.626013
The Tiger: An Old Hunter's Tale,0.005,11.083449,139.0,7.5,3.447894
Dilwale,26.0,61.0,158.0,6.3,4.081193
Bajirao Mastani,19.5,56.0,150.0,7.2,4.683689
Sisters,30.0,105.011053,118.0,5.8,13.799419
Mojin: The Lost Legend,37.0,278.3,127.0,6.0,4.209701
Ip Man 3,36.0,156.844753,105.0,6.5,8.970494
Charlie,1.9,5.9,130.0,7.4,1.188662
Joy,60.0,101.134059,124.0,6.4,12.975936
The Revenant,135.0,532.950503,156.0,7.3,23.501228
The Hateful Eight,44.0,155.760117,167.0,7.6,20.328822
Daddy's Home,50.0,242.786137,96.0,5.8,8.009226
The Lure,1.3,0.101657,92.0,6.1,2.159038
Anomalisa,8.0,5.659286,90.0,6.9,10.428421
Jane Got a Gun,25.0,1.397284,98.0,5.4,8.826071
Friend Request,9.9,2.4,92.0,5.3,14.282584
The Forest,10.0,40.055439,95.0,4.8,7.384688
Wazir,5.2,9.2,102.0,6.7,3.571376
13 Hours: The Secret Soldiers of Benghazi,50.0,69.41137,144.0,7.0,18.022579
Norm of the North,18.0,17.062499,86.0,4.1,7.008103
Ride Along 2,40.0,124.827316,102.0,6.1,9.420931
The 5th Wave,38.0,109.906372,112.0,5.6,10.788263
Dirty Grandpa,11.5,94.073028,102.0,5.7,16.290586
How to Be Single,38.0,112.343513,110.0,5.9,8.898988
The Boy,10.0,64.188367,97.0,5.8,17.028854
Airlift,4.5,32.0,126.0,7.3,3.376147
The Bronze,3.5,0.615816,108.0,5.5,5.353826
Kung Fu Panda 3,145.0,521.170825,95.0,6.7,14.696548
The Finest Hours,80.0,52.09909,114.0,6.3,10.385757
Irudhi Suttru,0.3,2.1,112.0,6.7,0.756243
Fifty Shades of Black,20.0,21.164799,92.0,4.3,6.785049
A Violent Prosecutor,0.0005,5e-05,126.0,7.6,1.398756
Robinson Crusoe,13.5,3.342697,90.0,5.8,8.969705
Action Hero Biju,0.3,2.5,144.0,7.7,0.350207
The Choice,10.0,18.730891,111.0,6.7,8.28378
Pride and Prejudice and Zombies,28.0,16.374328,108.0,5.5,7.954623
Visaranai,0.325,1.6,118.0,8.0,0.867549
"Hail, Caesar!",22.0,63.647656,106.0,5.7,11.241366
I Saw the Light,13.0,1.646788,123.0,5.9,4.654312
Zoolander 2,50.0,55.969,100.0,4.7,10.155109
The Mermaid,60.72,553.810228,93.0,6.2,5.296052
Deadpool,58.0,783.112979,108.0,7.4,187.860492
3 Generations,5.0,0.443962,87.0,6.1,4.626438
Zootopia,150.0,1023.784195,108.0,7.7,26.024868
Colonia,14.0,3.621046,120.0,7.4,10.156891
Midnight Special,18.0,6.212282,112.0,6.2,12.682927
Risen,20.0,46.069568,107.0,5.7,8.759801
Neerja,10.721568,2.978994,122.0,7.4,1.68625
Triple 9,20.0,12.639297,115.0,5.6,12.892504
The Witch,3.5,40.423945,92.0,6.3,11.840138
Race,5.0,24.804129,134.0,7.0,7.979302
Grimsby,35.0,25.182929,83.0,5.7,13.912531
Gods of Egypt,140.0,150.680864,127.0,5.2,13.337707
Eddie the Eagle,23.0,46.152411,106.0,7.2,7.528276
Mr. Right,8.0,0.034694,95.0,6.3,7.317816
London Has Fallen,60.0,205.754447,99.0,5.8,15.037993
Musudan,0.0005,0.0005,87.0,5.5,0.460016
A Conspiracy of Faith,5.21,5.9,112.0,6.8,6.859858
To Steal from a Thief,6.7,12.118661,96.0,6.1,4.987123
Whiskey Tango Foxtrot,35.0,23.083334,112.0,6.0,8.155604
Allegiant,110.0,179.246868,121.0,5.9,18.386172
10 Cloverfield Lane,15.0,108.286421,103.0,6.8,14.421528
The Young Messiah,18.5,6.490401,120.0,6.4,1.729199
Sing Street,4.0,13.624522,106.0,8.0,10.672862
Jimmy Vestvood: Amerikan Hero,2.5,0.230069,84.0,5.4,1.216497
Things to Come,2.1,0.282382,102.0,6.5,5.858112
Miracles from Heaven,16.0,73.883359,117.0,6.8,7.528099
Batman v Superman: Dawn of Justice,250.0,873.260194,151.0,5.7,31.435879
My Big Fat Greek Wedding 2,18.0,88.923251,94.0,5.6,6.344961
Everybody Wants Some!!,10.0,3.400278,116.0,6.3,6.737797
God's Not Dead 2,5.0,23.507567,121.0,5.6,5.957998
The Meddler,3.2,4.267218,100.0,6.0,5.510288
Demolition,10.0,1.978592,101.0,6.6,6.925667
The Huntsman: Winter's War,115.0,164.602163,114.0,6.0,17.260203
The Jungle Book,175.0,966.5506,106.0,6.7,17.432758
The Boss,29.0,78.636257,91.0,5.5,7.533146
Ratchet & Clank,20.0,8.821329,94.0,5.4,9.115939
Criminal,31.5,14.708696,113.0,5.8,10.038581
Fan,16.0,29.251596,142.0,6.2,5.127876
Green Room,5.0,3.220371,95.0,6.7,8.4702
Barbershop: The Next Cut,20.0,55.030051,112.0,6.2,8.468401
Flight Crew,10.0,27.305571,138.0,6.8,5.42046
Keanu,15.0,20.566327,94.0,6.0,7.942084
Bastille Day,20.0,14.397593,92.0,6.0,12.119295
A Hologram for the King,30.0,4.212494,97.0,5.8,9.104543
Captain America: Civil War,250.0,1153.304495,147.0,7.1,145.882135
Mother's Day,25.0,48.41816,118.0,5.8,8.309565
Term Life,16.5,0.021256,93.0,5.7,7.35578
Neighbors 2: Sorority Rising,35.0,108.758521,91.0,5.6,9.914008
24,10.0,15.0,164.0,7.1,1.264714
Florence Foster Jenkins,29.0,48.902953,110.0,6.7,10.829116
Café Society,30.0,43.763247,96.0,6.4,9.2467
The Angry Birds Movie,73.0,349.779543,97.0,5.9,11.171927
Money Monster,27.0,93.282604,98.0,6.5,11.953822
The Conjuring 2,40.0,320.170008,134.0,7.0,14.767317
The Darkness,4.0,10.898293,92.0,4.5,12.187189
The Nice Guys,50.0,62.788218,116.0,7.0,16.075615
X-Men: Apocalypse,178.0,543.934787,144.0,6.4,28.712522
Graduation,2.0,0.343617,127.0,6.7,2.840429
Elle,9.80469,2.341534,130.0,6.6,8.226065
Warcraft,160.0,433.677183,123.0,6.3,12.572718
Alice Through the Looking Glass,170.0,299.370084,113.0,6.5,14.61608
Love & Friendship,3.0,14.016568,94.0,6.4,12.822085
Teenage Mutant Ninja Turtles: Out of the Shadows,135.0,245.623848,112.0,5.8,13.047776
The Handmaiden,8.575,1.983204,145.0,8.1,16.727405
The BFG,140.0,183.345589,120.0,6.0,18.769476
Me Before You,20.0,207.945075,110.0,7.6,34.34759
Now You See Me 2,90.0,334.901337,129.0,6.7,39.540653
The Neon Demon,7.0,1.333124,117.0,6.4,13.410522
Te3n,5.069632,4.817642,136.0,6.8,1.434237
In the Forests of Siberia,3.5,1.492523,105.0,7.3,1.333969
Central Intelligence,50.0,216.972543,107.0,6.2,11.374041
Finding Dory,200.0,1028.570889,97.0,6.8,14.477677
Udta Punjab,5.98,14.9,149.0,7.4,4.195845
The Secret Life of Pets,75.0,875.457937,87.0,5.9,11.01395
Independence Day: Resurgence,165.0,389.681935,120.0,4.9,16.993841
Ice Age: Collision Course,105.0,408.579038,100.0,5.6,20.151037
Swiss Army Man,3.0,4.210454,97.0,6.8,9.196678
The Shallows,17.0,119.100758,86.0,6.2,13.689175
The Duel,10.0,0.0045,110.0,5.5,5.927867
Raman Raghav 2.0,0.521873,1.013926,127.0,7.1,1.668794
Free State of Jones,50.0,25.03595,139.0,6.6,10.223582
The Purge: Election Year,10.0,118.58788,105.0,6.1,13.1789
The Legend of Tarzan,180.0,356.743061,109.0,5.5,45.38298
Hillary's America: The Secret History of the Democratic Party,5.0,13.0,107.0,6.6,1.628629
Captain Fantastic,5.0,5.879736,119.0,7.9,16.519276
Sultan,10.4,102.0,170.0,7.0,6.070606
Mike and Dave Need Wedding Dates,33.0,77.068246,98.0,5.9,12.237571
Star Trek Beyond,185.0,343.471816,122.0,6.6,20.659284
Rock Dog,60.0,9.420546,90.0,5.8,6.55207
Big Fish & Begonia,4.531653,84.55225,100.0,6.3,2.238595
Sausage Party,19.0,140.705322,83.0,5.6,17.56963
The Infiltrator,25.0,15.436808,127.0,6.6,11.504398
Toni Erdmann,3.537415,1.390172,162.0,7.3,9.117054
Ghostbusters,144.0,229.147509,116.0,5.3,17.162744
Precious Cargo,10.5,0.100659,99.0,5.1,11.548303
Train to Busan,8.82,2.129768,118.0,7.7,22.685169
Batman: The Killing Joke,3.5,3.775,72.0,6.2,6.488277
Lights Out,4.9,148.868835,81.0,6.3,11.494907
Skiptrace,32.0,58.5,107.0,5.5,10.912208
Kabali,18.7,74.0,150.0,5.9,2.017961
Nerve,19.0,85.241496,96.0,7.1,14.9837
Jason Bourne,120.0,415.484914,123.0,5.9,19.133256
Bad Moms,20.0,183.936074,100.0,6.3,9.362056
Pelli Choopulu,0.2,5.5,124.0,7.8,0.902294
Shin Godzilla,15.0,77.0,120.0,6.6,9.285519
Suicide Squad,175.0,745.600054,123.0,5.9,42.965027
Nine Lives,30.0,57.814445,87.0,5.5,10.000208
Collide,21.5,4.811525,98.0,5.5,31.314013
Pete's Dragon,65.0,143.695338,102.0,6.2,12.189941
Mohenjo Daro,15.05,16.18,155.0,6.7,1.423358
Anthropoid,9.0,4.6,120.0,6.9,8.475983
Hell or High Water,12.0,37.589296,102.0,7.2,12.565896
War Dogs,40.0,86.234523,114.0,6.8,16.453573
Ben-Hur,100.0,94.061311,125.0,5.3,11.51021
Kubo and the Two Strings,60.0,69.929545,102.0,7.7,12.321832
Mechanic: Resurrection,40.0,125.729635,99.0,5.3,14.288577
Don't Breathe,9.9,157.100845,88.0,6.7,25.869883
The Hollars,3.8,1.016985,105.0,6.4,5.723985
Aquarius,0.762241,0.28593,140.0,7.5,4.860265
Morgan,8.0,8.810591,92.0,5.7,12.521071
The Light Between Oceans,20.0,25.956113,133.0,6.9,8.483245
White Girl,0.7,0.200242,88.0,5.5,6.021721
Sully,60.0,238.470033,96.0,7.0,18.275689
The Birth of a Nation,8.5,15.861566,120.0,6.4,5.933047
When the Bough Breaks,10.0,30.658387,97.0,5.3,17.046052
Paris Can Wait,5.0,6.7,92.0,6.4,8.966129
The Magnificent Seven,90.0,162.360636,132.0,5.9,13.809622
Bridget Jones's Baby,35.0,211.95242,123.0,6.3,10.754139
Blair Witch,5.0,45.172994,90.0,4.9,11.901343
31,1.5,0.77982,102.0,4.9,6.636625
Snowden,40.0,37.279439,134.0,7.0,14.384554
Storks,70.0,182.379278,87.0,6.7,12.687521
Smoke & Mirrors,5.0,2.387127,123.0,6.7,3.138159
Queen of Katwe,15.0,10.367161,124.0,7.1,6.164561
Miss Peregrine's Home for Peculiar Children,110.0,296.485719,127.0,6.5,36.262655
Deepwater Horizon,110.0,121.790373,107.0,6.5,13.1984
Masterminds,25.0,29.2,94.0,5.6,9.434588
The King's Choice,7.5,9.1,133.0,6.6,1.176258
The Duelist,12.823507,6.101904,110.0,6.0,2.981184
Denial,10.0,4.073489,109.0,6.5,10.754997
The Girl on the Train,45.0,173.185859,112.0,6.2,10.217291
Middle School: The Worst Years of My Life,8.5,19.985196,92.0,6.9,10.222143
A Quiet Passion,8.138338,1.864266,125.0,7.5,3.55933
Hacksaw Ridge,40.0,175.302354,140.0,7.8,21.037699
A Monster Calls,43.0,46.652768,108.0,6.8,24.483893
Raw,3.5,4.1,99.0,7.0,14.320893
My Life as a Zucchini,8.0,0.292279,66.0,7.7,7.321152
Trolls,125.0,346.864462,92.0,6.7,16.83711
Inferno,75.0,220.021259,121.0,5.7,18.311054
Max Steel,10.0,6.272403,92.0,5.1,6.703892
The Accountant,44.0,155.160045,128.0,6.9,13.465656
The Lost City of Z,30.0,8.574339,140.0,6.1,21.791111
Personal Shopper,6.0,1.305195,105.0,5.8,11.186981
Jack Reacher: Never Go Back,60.0,162.146076,118.0,5.3,15.60562
From the Land of the Moon,10.3,0.047748,120.0,6.7,6.165491
Ouija: Origin of Evil,9.0,81.705746,99.0,5.8,10.182974
Keeping Up with the Joneses,40.0,29.918745,105.0,5.9,9.48515
Aanandam,0.45,2.3,134.0,6.4,0.354748
Moonlight,4.0,65.046687,111.0,7.3,14.171675
I'm Not Ashamed,1.5,2.0,112.0,7.0,2.254096
Doctor Strange,165.0,677.718395,115.0,7.1,43.847654
Max & Leon,12.156348,7.9,98.0,6.7,5.662109
A Street Cat Named Bob,8.0,0.082703,103.0,7.5,9.609879
Bleed for This,6.0,6.174491,116.0,6.7,7.873407
Loving,9.0,8.996802,123.0,6.5,7.977391
Nocturnal Animals,22.5,29.252978,116.0,7.2,18.908782
Arrival,47.0,203.388186,113.0,7.2,30.83786
Billy Lynn's Long Halftime Walk,40.0,30.930984,113.0,5.9,8.009568
Almost Christmas,17.0,42.487325,111.0,5.4,7.288877
Shut In,10.0,13.082071,91.0,4.8,6.944457
Split,9.0,276.921998,117.0,7.0,28.920839
Fantastic Beasts and Where to Find Them,180.0,809.342332,133.0,7.2,41.051421
Paterson,5.0,2.152738,118.0,7.0,10.300307
Allied,85.0,119.520023,124.0,6.6,13.085186
Manchester by the Sea,9.0,75.026965,135.0,7.5,12.821257
The Edge of Seventeen,9.0,18.803648,104.0,7.3,9.51953
Sing,75.0,632.443719,108.0,6.8,20.045673
Rules Don't Apply,25.0,3.885342,127.0,5.9,8.167673
Bad Santa 2,26.0,17.782178,87.0,5.0,7.459161
Moana,150.0,643.034466,107.0,7.3,9.143457
The Founder,25.0,23.964782,115.0,7.0,17.523343
Dear Zindagi,4.3,3.376375,149.0,6.9,3.699552
Lion,12.0,140.302754,118.0,8.0,17.085145
Miss Sloane,13.0,3.500605,132.0,7.2,14.017754
Office Christmas Party,45.0,114.501299,105.0,5.4,8.228918
A United Kingdom,14.0,13.819139,111.0,6.5,6.249112
Underworld: Blood Wars,35.0,81.093313,91.0,5.2,20.02976
La La Land,30.0,445.4357,128.0,7.9,19.681686
Incarnate,5.0,6.341855,91.0,5.1,15.909181
Jackie,9.0,13.960394,100.0,6.5,8.362716
Collateral Beauty,36.0,87.416021,97.0,6.9,14.575883
Hidden Figures,25.0,230.698791,127.0,7.8,16.816834
Patriots Day,45.0,50.548152,133.0,6.8,14.547939
Ballerina,30.0,2.351359,89.0,7.1,16.53732
Rogue One: A Star Wars Story,200.0,1056.057273,133.0,7.4,36.567575
The Great Wall,150.0,331.957105,103.0,5.8,15.884744
Fences,24.0,64.414761,139.0,6.7,11.599716
Monster Trucks,125.0,64.493915,105.0,6.0,14.801195
Passengers,110.0,303.144152,116.0,6.7,20.303632
Assassin's Creed,125.0,240.697856,115.0,5.4,27.54107
Gold,20.0,7.227038,120.0,6.6,16.01076
Why Him?,38.0,118.034273,111.0,6.3,14.531429
Silence,46.0,23.737523,161.0,7.0,14.16938
Resident Evil: The Final Chapter,40.0,312.242626,107.0,5.9,0.75571
Railroad Tigers,50.0,102.205175,124.0,6.2,3.798504
Dangal,10.4,310.0,161.0,8.0,8.792104
Live by Night,108.0,22.678555,129.0,6.2,19.94393
20th Century Women,7.0,5.816211,119.0,7.3,9.855927
